action,close,open,high,low,volume,price,time,macd_line,macd_signal,macd_histogram,rsi_14,vwap
hold,146.32000732421875,146.72999572753906,146.99000549316406,144.7958984375,160586,146.32000732421875,2026-04-13 13:30:00+00:00,0.0,0.0,0.0,50.0,146.32000732421875
hold,145.72999572753906,146.19000244140625,146.19000244140625,145.50999450683594,110540,145.72999572753906,2026-04-13 13:31:00+00:00,0.0,0.0,0.0,50.0,146.07945539671283
hold,145.98500061035156,145.6446990966797,146.1300048828125,145.5,37359,145.98500061035156,2026-04-13 13:32:00+00:00,0.0,0.0,0.0,50.0,146.06801647305795
hold,146.15499877929688,145.98500061035156,146.75999450683594,145.6999969482422,41925,146.15499877929688,2026-04-13 13:33:00+00:00,0.0,0.0,0.0,50.0,146.0784235196293
hold,146.1649932861328,146.14999389648438,146.1999969482422,145.93499755859375,11615,146.1649932861328,2026-04-13 13:34:00+00:00,0.0,0.0,0.0,50.0,146.08120097377733
hold,146.5500030517578,145.98500061035156,146.5500030517578,145.9600067138672,9737,146.5500030517578,2026-04-13 13:35:00+00:00,0.0,0.0,0.0,50.0,146.09347959782522
hold,146.52999877929688,146.57249450683594,146.6199951171875,146.42999267578125,29314,146.52999877929688,2026-04-13 13:36:00+00:00,0.0,0.0,0.0,50.0,146.12538408297434
hold,146.0399932861328,146.47000122070312,146.77999877929688,145.7700958251953,42323,146.0399932861328,2026-04-13 13:37:00+00:00,0.0,0.0,0.0,50.0,146.11723342252014
hold,145.99000549316406,145.8699951171875,146.4199981689453,145.8699951171875,14655,145.99000549316406,2026-04-13 13:38:00+00:00,0.0,0.0,0.0,50.0,146.11316288650318
hold,145.85800170898438,145.94500732421875,146.28990173339844,145.76010131835938,16294,145.85800170898438,2026-04-13 13:39:00+00:00,0.0,0.0,0.0,50.0,146.10439802141155
hold,146.0449981689453,146.0399932861328,146.1925048828125,145.97500610351562,12347,146.0449981689453,2026-04-13 13:40:00+00:00,0.0,0.0,0.0,50.0,146.1028911023382
hold,146.16000366210938,146.15899658203125,146.1699981689453,145.96749877929688,9080,146.16000366210938,2026-04-13 13:41:00+00:00,0.0,0.0,0.0,50.0,146.1039371051474
hold,146.52999877929688,146.19000244140625,146.63499450683594,146.19000244140625,10829,146.52999877929688,2026-04-13 13:42:00+00:00,0.0,0.0,0.0,50.0,146.113044458957
hold,146.80999755859375,146.60000610351562,146.80999755859375,146.5,12194,146.80999755859375,2026-04-13 13:43:00+00:00,0.0,0.0,0.0,50.0,146.12942587541767
hold,145.7899932861328,146.7050018310547,146.71499633789062,145.7899932861328,24856,145.7899932861328,2026-04-13 13:44:00+00:00,0.0,0.0,0.0,43.49519653926103,146.11390693057544
hold,146.22999572753906,145.9499969482422,146.44000244140625,145.80499267578125,11734,146.22999572753906,2026-04-13 13:45:00+00:00,0.0,0.0,0.0,49.38251021579042,146.11635960500047
hold,146.19000244140625,146.2100067138672,146.63999938964844,146.19000244140625,14953,146.19000244140625,2026-04-13 13:46:00+00:00,0.0,0.0,0.0,48.88395322044407,146.11829034701756
hold,146.36500549316406,146.25999450683594,146.36500549316406,146.0500030517578,4104,146.36500549316406,2026-04-13 13:47:00+00:00,0.0,0.0,0.0,51.20538927292441,146.1200529508522
hold,146.6699981689453,146.17999267578125,146.6699981689453,145.72999572753906,14679,146.6699981689453,2026-04-13 13:48:00+00:00,0.0,0.0,0.0,55.03782799919692,146.13375574662422
hold,146.83999633789062,146.44500732421875,147.0850067138672,146.44500732421875,16076,146.83999633789062,2026-04-13 13:49:00+00:00,0.0,0.0,0.0,57.06216592922972,146.1525156999375
hold,146.77499389648438,146.94000244140625,146.94000244140625,146.77499389648438,4277,146.77499389648438,2026-04-13 13:50:00+00:00,0.0,0.0,0.0,56.0234995548838,146.15688393573086
hold,146.8000030517578,146.77499389648438,147.00999450683594,146.55999755859375,13653,146.8000030517578,2026-04-13 13:51:00+00:00,0.0,0.0,0.0,56.35268407148651,146.17097490437482
hold,147.4199981689453,146.9600067138672,147.4622039794922,146.82000732421875,26573,147.4199981689453,2026-04-13 13:52:00+00:00,0.0,0.0,0.0,63.622529267881816,146.22206023907304
hold,147.67999267578125,147.3350067138672,147.67999267578125,147.3000030517578,7529,147.67999267578125,2026-04-13 13:53:00+00:00,0.0,0.0,0.0,66.1673883077415,146.2387617589564
hold,148.4499969482422,147.5800018310547,148.4499969482422,147.4199981689453,17697,148.4499969482422,2026-04-13 13:54:00+00:00,0.0,0.0,0.0,72.33916453271218,146.2967415303765
buy,147.64999389648438,148.3699951171875,148.3699951171875,147.58999633789062,18760,147.64999389648438,2026-04-13 13:55:00+00:00,0.6175647052415059,0.0,0.6175647052415059,60.07702491385958,146.33333864289835
hold,148.22999572753906,147.72999572753906,148.22999572753906,147.72999572753906,4086,148.22999572753906,2026-04-13 13:56:00+00:00,0.6583265929084803,0.0,0.6583265929084803,64.74317185652409,146.34444500361326
hold,147.93499755859375,148.22000122070312,148.22999572753906,147.72950744628906,6742,147.93499755859375,2026-04-13 13:57:00+00:00,0.6592276299635103,0.0,0.6592276299635103,60.847748486696084,146.35966607752016
hold,147.7899932861328,147.82000732421875,147.94000244140625,147.4600067138672,5865,147.7899932861328,2026-04-13 13:58:00+00:00,0.6408537127024658,0.0,0.6408537127024658,58.96957857472021,146.371475032531
hold,148.33999633789062,147.6750030517578,148.33999633789062,147.6750030517578,10861,148.33999633789062,2026-04-13 13:59:00+00:00,0.663029904587404,0.0,0.663029904587404,63.56361685995428,146.40111845353823
hold,148.0500030517578,148.3800048828125,148.5,148.0500030517578,9992,148.0500030517578,2026-04-13 14:00:00+00:00,0.6497151499956431,0.0,0.6497151499956431,59.764032813768736,146.42364972584525
hold,148.0,148.14999389648438,148.25999450683594,147.9600067138672,8739,148.0,2026-04-13 14:01:00+00:00,0.6278903535229006,0.0,0.6278903535229006,59.10793813539417,146.442266224595
hold,147.8000030517578,148.1699981689453,148.1699981689453,147.8000030517578,19028,147.8000030517578,2026-04-13 14:02:00+00:00,0.5876815358736565,0.0,0.5876815358736565,56.43912343523902,146.47630436460943
hold,147.9550018310547,147.9499969482422,148.08999633789062,147.83009338378906,14370,147.9550018310547,2026-04-13 14:03:00+00:00,0.5618462504698982,0.6295706483628294,-0.06772439789293117,58.02107617238081,146.50377999418075
hold,148.38499450683594,148.0800018310547,148.5,148.0800018310547,8368,148.38499450683594,2026-04-13 14:04:00+00:00,0.5695035337575405,0.6175572254417716,-0.048053691684231126,62.129842721491926,146.523917128064
hold,148.2949981689453,148.3350067138672,148.47000122070312,148.2135009765625,4382,148.2949981689453,2026-04-13 14:05:00+00:00,0.5618335659744389,0.6064124935483051,-0.04457892757386617,60.788771040557606,146.5337894851805
hold,147.9550018310547,148.39999389648438,148.4199981689453,147.8699951171875,10770,147.9550018310547,2026-04-13 14:06:00+00:00,0.5222994552474063,0.5895898858881253,-0.06729043064071905,55.88135632252361,146.5529971782745
hold,148.03500366210938,148.00999450683594,148.16000366210938,147.9199981689453,11380,148.03500366210938,2026-04-13 14:07:00+00:00,0.49175521877620554,0.5700229524657414,-0.07826773368953588,56.76579404182269,146.5738629682388
hold,147.86000061035156,147.94000244140625,148.02999877929688,147.75999450683594,12343,147.86000061035156,2026-04-13 14:08:00+00:00,0.448260143693858,0.5456703907113648,-0.09741024701750678,54.205899708436796,146.59320796792395
hold,147.71499633789062,147.86000061035156,147.9199981689453,147.58999633789062,7823,147.71499633789062,2026-04-13 14:09:00+00:00,0.3975071355704074,0.5160377396831733,-0.11853060411276595,52.10904520172315,146.60380109670152
hold,147.2899932861328,147.69000244140625,147.6999969482422,147.2899932861328,13162,147.2899932861328,2026-04-13 14:10:00+00:00,0.3193100095719785,0.4766921936609344,-0.15738218408895588,46.43883697182239,146.61453263377055
hold,147.5,147.30499267578125,147.5,147.13999938964844,7440,147.5,2026-04-13 14:11:00+00:00,0.2711582668381709,0.43558540829638176,-0.16442714145821086,49.37050826234782,146.62229184088065
hold,147.2449951171875,147.29200744628906,147.5800018310547,147.2449951171875,15000,147.2449951171875,2026-04-13 14:12:00+00:00,0.21000014992105775,0.39046835662131696,-0.1804682067002592,46.07281665204075,146.63310216117208
hold,147.14999389648438,147.2449951171875,147.36000061035156,147.00010681152344,16020,147.14999389648438,2026-04-13 14:13:00+00:00,0.1521126372955166,0.34279721275615693,-0.19068457546064033,44.87036555861297,146.64251129873054
hold,147.52999877929688,147.01010131835938,147.53700256347656,147.01010131835938,7466,147.52999877929688,2026-04-13 14:14:00+00:00,0.13533947546511627,0.30130566529794883,-0.16596618983283257,50.441982582829944,146.64997697469937
hold,147.3800048828125,147.50999450683594,147.50999450683594,147.3699951171875,2851,147.3800048828125,2026-04-13 14:15:00+00:00,0.10869045407829958,0.262782623054019,-0.15409216897571942,48.364249795750716,146.65231453459367
hold,147.51539611816406,147.49000549316406,147.5399932861328,147.38999938964844,8392,147.51539611816406,2026-04-13 14:16:00+00:00,0.09737339394197875,0.22970077723161098,-0.13232738328963223,50.35217227004809,146.6603733134894
hold,147.89999389648438,147.56190490722656,147.89999389648438,147.47976684570312,8382,147.89999389648438,2026-04-13 14:17:00+00:00,0.11807724773032646,0.20737607133135408,-0.08929882360102762,55.58330884204494,146.67182730486093
hold,147.90499877929688,147.94000244140625,147.94000244140625,147.7899932861328,5054,147.90499877929688,2026-04-13 14:18:00+00:00,0.13335185604836397,0.1925712282747561,-0.05921937222639212,55.648798545168916,146.67865959434826
hold,148.00999450683594,147.8699951171875,148.00999450683594,147.8300018310547,7140,148.00999450683594,2026-04-13 14:19:00+00:00,0.15217519004937685,0.18449202062968026,-0.03231683058030341,57.07855973256634,146.68899927235287
hold,148.19000244140625,148.1300048828125,148.22999572753906,148.01010131835938,7471,148.19000244140625,2026-04-13 14:20:00+00:00,0.17954823351959703,0.18350326320766364,-0.0039550296880666025,59.48973040515354,146.7010987556117
hold,148.36500549316406,148.19000244140625,148.42999267578125,148.19000244140625,12221,148.36500549316406,2026-04-13 14:21:00+00:00,0.2129085738884271,0.18938432534381633,0.02352424854461077,61.74001338992073,146.72275349790579
hold,148.27999877929688,148.3800048828125,148.48500061035156,148.27999877929688,9367,148.27999877929688,2026-04-13 14:22:00+00:00,0.22983812180177665,0.19747508463540842,0.032363037166368236,59.99663684649395,146.73813377524624
hold,148.07000732421875,148.1300048828125,148.35000610351562,147.9199981689453,8171,148.07000732421875,2026-04-13 14:23:00+00:00,0.22373131965582616,0.20272633163949197,0.021004988016334186,55.8045778625345,146.74951055047939
hold,148.21499633789062,148.14500427246094,148.24000549316406,148.13999938964844,2608,148.21499633789062,2026-04-13 14:24:00+00:00,0.2279632185562548,0.20777370902284456,0.020189509533410227,57.98730369822647,146.75349517795254
hold,148.2899932861328,148.1999969482422,148.38999938964844,148.1300048828125,8360,148.2899932861328,2026-04-13 14:25:00+00:00,0.23466359996416486,0.21315168721110864,0.021511912753056223,59.112190765289746,146.7667712020511
hold,148.35000610351562,148.25,148.49000549316406,148.25,4681,148.35000610351562,2026-04-13 14:26:00+00:00,0.24202630473348563,0.21892661071558406,0.023099694017901573,60.034338455472074,146.77439405704516
hold,148.19000244140625,148.35000610351562,148.44000244140625,148.125,6147,148.19000244140625,2026-04-13 14:27:00+00:00,0.23227284619665056,0.22159585781179736,0.010676988384853203,56.38321066271927,146.78328817260936
hold,148.26499938964844,148.19000244140625,148.3000030517578,148.19000244140625,8203,148.26499938964844,2026-04-13 14:28:00+00:00,0.22796692616350356,0.2228700714821386,0.0050968546813649485,57.68232523176619,146.79560805648364
hold,148.39990234375,148.27999877929688,148.39990234375,148.22000122070312,2916,148.39990234375,2026-04-13 14:29:00+00:00,0.23275691761955386,0.22484744070962168,0.007909476909932184,59.99075500634403,146.80033586792354
hold,148.42999267578125,148.39999389648438,148.42999267578125,148.35000610351562,2717,148.42999267578125,2026-04-13 14:30:00+00:00,0.23625762780991977,0.2271294781296813,0.009128149680238479,60.50823271137013,146.8047984221556
hold,148.38999938964844,148.35000610351562,148.38999938964844,148.26182556152344,2755,148.38999938964844,2026-04-13 14:31:00+00:00,0.23311760723836983,0.22832710395141903,0.004790503286950798,59.408406701407,146.8091877643269
hold,148.22999572753906,148.30099487304688,148.38999938964844,148.22999572753906,9210,148.22999572753906,2026-04-13 14:32:00+00:00,0.2152370413546123,0.2257090914320577,-0.010472050077445394,55.093813378418346,146.82221903918938
hold,148.2550048828125,148.2449951171875,148.41000366210938,148.22999572753906,7163,148.2550048828125,2026-04-13 14:33:00+00:00,0.20077023954326023,0.2207213210542982,-0.01995108151103797,55.636157454549206,146.83236705641204
hold,148.2050018310547,148.2550048828125,148.3260040283203,148.14500427246094,6363,148.2050018310547,2026-04-13 14:34:00+00:00,0.1831590232882263,0.21320886150108384,-0.030049838212857533,54.22602893362805,146.8409492439284
hold,147.73500061035156,148.1699981689453,148.1699981689453,147.68499755859375,26959,147.73500061035156,2026-04-13 14:35:00+00:00,0.12978080464728237,0.19652325013032357,-0.0667424454830412,43.15435357256471,146.86402163112095
hold,147.75999450683594,147.88999938964844,147.88999938964844,147.66000366210938,19988,147.75999450683594,2026-04-13 14:36:00+00:00,0.08847509455245017,0.1749136190147489,-0.08643852446229872,43.81136614305899,146.88084292445328
hold,147.75,147.7550048828125,147.82000732421875,147.63499450683594,31143,147.75,2026-04-13 14:37:00+00:00,0.05430752519148996,0.1507924002500971,-0.09648487505860714,43.59438643279042,146.9055449277639
hold,147.75,147.7449951171875,147.88999938964844,147.7449951171875,24196,147.75,2026-04-13 14:38:00+00:00,0.026919172840990768,0.12601775476827584,-0.09909858192728507,43.59438643279042,146.9237884338567
hold,147.88999938964844,147.76499938964844,147.88999938964844,147.76499938964844,4471,147.88999938964844,2026-04-13 14:39:00+00:00,0.016322333303662617,0.1040786704753532,-0.08775633717169058,47.79469419573949,146.92763023204637
hold,148.0299072265625,147.97999572753906,148.0299072265625,147.9199981689453,4438,148.0299072265625,2026-04-13 14:40:00+00:00,0.018994695775489845,0.08706187553538053,-0.06806717975989068,51.668101962380035,146.93196359694602
hold,148.03500366210938,148.03900146484375,148.05999755859375,148.0,4524,148.03500366210938,2026-04-13 14:41:00+00:00,0.021278516550324866,0.0739052037383694,-0.05262668718804453,51.80837020838211,146.93636634832066
hold,148.1199951171875,148.03500366210938,148.1199951171875,148.0,8367,148.1199951171875,2026-04-13 14:42:00+00:00,0.029605289738526608,0.06504522093840084,-0.035439931199874236,54.19576666966981,146.9450399870379
hold,148.13999938964844,148.10000610351562,148.14990234375,148.00010681152344,2927,148.13999938964844,2026-04-13 14:43:00+00:00,0.03738751508529958,0.059513679767780596,-0.022126164682481013,54.7637966516394,146.94809547106087
hold,148.33999633789062,148.0749969482422,148.3699951171875,148.0749969482422,11257,148.33999633789062,2026-04-13 14:44:00+00:00,0.0590128041474145,0.059413504643707385,-0.0004007004962928856,60.09232584782476,146.96165002279406
hold,148.36000061035156,148.34500122070312,148.47000122070312,148.3300018310547,4136,148.36000061035156,2026-04-13 14:45:00+00:00,0.07687896626822521,0.06290659696861095,0.013972369299614262,60.592344125389815,146.96663541895694
hold,148.2725067138672,148.35000610351562,148.38999938964844,148.22000122070312,10214,148.2725067138672,2026-04-13 14:46:00+00:00,0.08302098796792734,0.06692947516847424,0.016091512799453103,57.21570685211367,146.9780324660896
hold,148.02000427246094,148.2725067138672,148.27999877929688,148.0,6425,148.02000427246094,2026-04-13 14:47:00+00:00,0.06674436020765029,0.06689245217630944,-0.00014809196865915586,48.76907308559479,146.98372161729418
hold,148.06500244140625,148.0,148.08999633789062,147.99000549316406,3696,148.06500244140625,2026-04-13 14:48:00+00:00,0.056820994554016124,0.06487816065185079,-0.008057166097834662,50.18057367099304,146.9871071492242
hold,148.0800018310547,148.00999450683594,148.16000366210938,148.00999450683594,4557,148.0800018310547,2026-04-13 14:49:00+00:00,0.0495952776799129,0.061821584057463214,-0.012226306377550317,50.66848035940984,146.9913099659975
hold,148.1999969482422,148.0800018310547,148.1999969482422,148.03500366210938,6620,148.1999969482422,2026-04-13 14:50:00+00:00,0.05294117520173813,0.060045502286318206,-0.007104327084580073,54.50694726102646,146.9980248035143
hold,147.91000366210938,148.0800018310547,148.0800018310547,147.89500427246094,8242,147.91000366210938,2026-04-13 14:51:00+00:00,0.03182591909336452,0.05440158564772747,-0.022575666554362953,45.327718053307926,147.00428931960917
hold,148.11749267578125,148.0500030517578,148.19000244140625,148.0500030517578,5679,148.11749267578125,2026-04-13 14:52:00+00:00,0.03147176888435865,0.04981562229505371,-0.018343853410695055,51.60724013734852,147.00953335762685
hold,148.30999755859375,148.19000244140625,148.30999755859375,148.125,4131,148.30999755859375,2026-04-13 14:53:00+00:00,0.04619216300329754,0.04909093043670248,-0.0028987674334049404,56.58907942721642,147.0139744254357
hold,148.3699951171875,148.3498992919922,148.3699951171875,148.08999633789062,5561,148.3699951171875,2026-04-13 14:54:00+00:00,0.061984958932981726,0.05166973613595833,0.010315222797023398,58.03895950852566,147.02017970120414
hold,148.2100067138672,148.27000427246094,148.33999633789062,148.2100067138672,3370,148.2100067138672,2026-04-13 14:55:00+00:00,0.06088924312660993,0.05351363753408865,0.0073756055925212755,52.95950992027983,147.02347013311217
hold,148.3975067138672,148.27499389648438,148.4499969482422,148.27499389648438,76000,148.3975067138672,2026-04-13 14:56:00+00:00,0.07429414677542923,0.05766973938235677,0.016624407393072457,57.63863285430253,147.1041335510025
hold,148.44000244140625,148.44000244140625,148.49000549316406,148.35040283203125,5540,148.44000244140625,2026-04-13 14:57:00+00:00,0.08733987978800428,0.06360376746348628,0.023736112324518,58.64272419597657,147.10982579902583
hold,148.718994140625,148.2899932861328,148.76499938964844,148.2899932861328,58107,148.718994140625,2026-04-13 14:58:00+00:00,0.11882131750147096,0.07464727747108323,0.04417404003038773,64.57877404295488,147.17866748516025
hold,148.7100067138672,148.74000549316406,148.74000549316406,148.63999938964844,4857,148.7100067138672,2026-04-13 14:59:00+00:00,0.14141522676638374,0.08800086733014334,0.0534143594362404,64.25880568680086,147.18412394342775
hold,148.19500732421875,148.64999389648438,148.72000122070312,148.19500732421875,11038,148.19500732421875,2026-04-13 15:00:00+00:00,0.11642286560010007,0.09368526698413468,0.022737598615965388,49.21200078887147,147.19224402044836
hold,148.36000061035156,148.1999969482422,148.38999938964844,148.19000244140625,5682,148.36000061035156,2026-04-13 15:01:00+00:00,0.10867705713454257,0.09668362501421626,0.011993432120326303,53.00843429068079,147.1970527480488
hold,148.35000610351562,148.42999267578125,148.42999267578125,148.11000061035156,5943,148.35000610351562,2026-04-13 15:02:00+00:00,0.10057263620012691,0.09746142725139839,0.0031112089487285166,52.7512012053259,147.2019973070808
hold,148.14999389648438,148.24000549316406,148.35000610351562,148.1300048828125,4726,148.14999389648438,2026-04-13 15:03:00+00:00,0.07712150201601276,0.09339344220432128,-0.01627194018830852,47.756659881434466,147.2052193550189
hold,148.10499572753906,148.1300048828125,148.2100067138672,148.0269012451172,6094,148.10499572753906,2026-04-13 15:04:00+00:00,0.05427963124913049,0.08557068001328313,-0.031291048764152646,46.685707344940816,147.2091455272805
hold,147.99000549316406,148.10000610351562,148.16000366210938,147.92999267578125,9675,147.99000549316406,2026-04-13 15:05:00+00:00,0.026591997208129214,0.07377494345225236,-0.04718294624412314,43.971998298556564,147.21451780182264
hold,147.9550018310547,147.9199981689453,148.02999877929688,147.8800048828125,11300,147.9550018310547,2026-04-13 15:06:00+00:00,0.0018040488059511972,0.059380764522992124,-0.05757671571704093,43.14976514792451,147.22042052454873
hold,148.55999755859375,148.02000427246094,148.5749969482422,148.02000427246094,33417,148.55999755859375,2026-04-13 15:07:00+00:00,0.030624499989045262,0.05362951161620275,-0.02300501162715749,57.82781582320995,147.2512718853183
hold,148.69000244140625,148.63999938964844,148.69000244140625,148.52999877929688,4652,148.69000244140625,2026-04-13 15:08:00+00:00,0.06322638829146854,0.05554888695125591,0.007677501340212625,60.205484729893385,147.2558698769418
hold,148.7050018310547,148.69000244140625,148.8000030517578,148.5500946044922,8148,148.7050018310547,2026-04-13 15:09:00+00:00,0.08924518213805754,0.06228814598861625,0.026957036149441296,60.4823161450772,147.2639363509304
hold,148.9499969482422,148.72000122070312,148.9499969482422,148.6199951171875,11970,148.9499969482422,2026-04-13 15:10:00+00:00,0.12815700795147222,0.07546191838118745,0.05269508957028478,64.79073252731024,147.27761222604582
hold,148.96493530273438,148.86000061035156,149.16000366210938,148.8000030517578,20204,148.96493530273438,2026-04-13 15:11:00+00:00,0.15837466605020722,0.0920444679149914,0.06633019813521582,65.04100617660251,147.3004008418847
hold,149.10499572753906,149.1199951171875,149.33999633789062,148.89999389648438,45584,149.10499572753906,2026-04-13 15:12:00+00:00,0.19141754128523303,0.11191908258903974,0.07949845869619329,67.3820631622282,147.35376362632027
hold,149.11000061035156,149.0850067138672,149.11000061035156,149.00999450683594,24035,149.11000061035156,2026-04-13 15:13:00+00:00,0.21552368727736848,0.1326400035267055,0.08288368375066299,67.46590387535096,147.38072577362064
hold,149.14999389648438,149.11500549316406,149.25999450683594,149.0,9502,149.14999389648438,2026-04-13 15:14:00+00:00,0.23514450611057214,0.15314090404347883,0.08200360206709331,68.16996989775876,147.39139930157995
sell,149.1199951171875,149.14500427246094,149.25999450683594,149.1199951171875,6509,149.1199951171875,2026-04-13 15:15:00+00:00,0.24544416803186664,0.1716015568411564,0.07384261119071023,66.99873919986317,147.39851333687108
hold,149.1699981689453,149.1199951171875,149.1999969482422,149.09500122070312,8491,149.1699981689453,2026-04-13 15:16:00+00:00,0.2547054666228519,0.1882223387974955,0.06648312782535637,67.9860771930069,147.4079730772158
hold,149.27999877929688,149.24000549316406,149.42999267578125,149.1649932861328,11012,149.27999877929688,2026-04-13 15:17:00+00:00,0.26783382085613994,0.2041446352092244,0.06368918564691553,70.10500914250464,147.4208485629216
hold,149.38999938964844,149.3000030517578,149.4199981689453,149.23159790039062,7312,149.38999938964844,2026-04-13 15:18:00+00:00,0.2838423086640205,0.22008416990018365,0.06375813876383685,72.09411800637143,147.42980060078605
hold,149.3300018310547,149.3800048828125,149.44000244140625,149.25,9063,149.3300018310547,2026-04-13 15:19:00+00:00,0.288363770977071,0.23374009011556113,0.05462368086150987,69.38247157807217,147.44044786486054
hold,149.36000061035156,149.3300018310547,149.38999938964844,149.1649932861328,6773,149.36000061035156,2026-04-13 15:20:00+00:00,0.29101309540013176,0.24519469117247528,0.045818404227656484,69.99025688060895,147.44845233881546
hold,149.5,149.39999389648438,149.57000732421875,149.28500366210938,12812,149.5,2026-04-13 15:21:00+00:00,0.30094043085568956,0.2563438391091182,0.04459659174657138,72.71263763033093,147.46450835965487
hold,149.5399932861328,149.49000549316406,149.5399932861328,149.33999633789062,4229,149.5399932861328,2026-04-13 15:22:00+00:00,0.3084790848117507,0.2667708882496447,0.041708196562106004,73.4535032399229,147.46985617224075
hold,149.3101043701172,149.3800048828125,149.44000244140625,149.3101043701172,4302,149.3101043701172,2026-04-13 15:23:00+00:00,0.29253128951324925,0.27192296850236564,0.020608321010883612,62.884435746079916,147.47466710029713
hold,149.32159423828125,149.30999755859375,149.4199981689453,149.27000427246094,5942,149.32159423828125,2026-04-13 15:24:00+00:00,0.27761945886783224,0.27306226657545896,0.00455719229237328,63.169676377517625,147.48131216323551
hold,149.1699981689453,149.27000427246094,149.32989501953125,149.10000610351562,15165,149.1699981689453,2026-04-13 15:25:00+00:00,0.2506795124166388,0.26858571574369494,-0.01790620332705617,56.95078959749188,147.49667736662246
hold,149.13499450683594,149.1649932861328,149.1699981689453,149.10000610351562,7072,149.13499450683594,2026-04-13 15:26:00+00:00,0.2239236552576358,0.2596533036464831,-0.03572964838884729,55.589939082978546,147.50359963351076
hold,149.17999267578125,149.21929931640625,149.27000427246094,149.1300048828125,3154,149.17999267578125,2026-04-13 15:27:00+00:00,0.2039988501029768,0.24852241293778185,-0.04452356283480505,57.012018237516855,147.50675266307604
hold,148.96249389648438,149.1649932861328,149.25,148.88999938964844,16522,148.96249389648438,2026-04-13 15:28:00+00:00,0.1687131445808916,0.23256055926640382,-0.06384741468551222,48.866796104194435,147.52095563719095
hold,148.97999572753906,148.89999389648438,149.0500030517578,148.8800048828125,12784,148.97999572753906,2026-04-13 15:29:00+00:00,0.14054114934626227,0.21415667728237553,-0.07361552793611326,49.49212281493225,147.5318876525085
hold,148.8699951171875,148.88999938964844,148.9499969482422,148.8000030517578,8311,148.8699951171875,2026-04-13 15:30:00+00:00,0.10809248730421928,0.19294383928674427,-0.084851351982525,45.708585293751355,147.53837399983652
hold,148.82000732421875,148.7899932861328,148.94000244140625,148.72999572753906,15802,148.82000732421875,2026-04-13 15:31:00+00:00,0.07745029296262373,0.16984513002192017,-0.09239483705929644,44.06018811987495,147.55007835287935
hold,148.75999450683594,148.82000732421875,148.8699951171875,148.75999450683594,3660,148.75999450683594,2026-04-13 15:32:00+00:00,0.04777290406659063,0.14543068483085425,-0.09765778076426362,42.0973539186585,147.55263217281552
hold,148.8800048828125,148.86000061035156,148.9199981689453,148.81500244140625,4780,148.8800048828125,2026-04-13 15:33:00+00:00,0.033550445276461005,0.1230546369199756,-0.0895041916435146,47.16619443643692,147.55628121716978
hold,148.9199981689453,148.94000244140625,148.9600067138672,148.8800048828125,4851,148.9199981689453,2026-04-13 15:34:00+00:00,0.02521549958794367,0.10348680945356922,-0.07827130986562555,48.775508654218974,147.56007527477817
hold,148.86000061035156,148.9499969482422,148.9499969482422,148.75999450683594,17242,148.86000061035156,2026-04-13 15:35:00+00:00,0.013611785333466742,0.08551180462954874,-0.071900019296082,46.487808007422586,147.57280388460936
hold,148.83999633789062,148.80499267578125,148.8699951171875,148.72999572753906,9177,148.83999633789062,2026-04-13 15:36:00+00:00,0.002769653737374256,0.06896337445111385,-0.06619372071373959,45.71786741381925,147.5793738142627
hold,148.90499877929688,148.9199981689453,148.9600067138672,148.86000061035156,2371,148.90499877929688,2026-04-13 15:37:00+00:00,-0.0005710768737117178,0.05505648418614874,-0.055627561059860456,48.691576049749116,147.58114713903825
hold,148.94000244140625,148.91000366210938,149.17999267578125,148.86000061035156,18772,148.94000244140625,2026-04-13 15:38:00+00:00,-0.00038963548195170006,0.04396726025252865,-0.04435689573448035,50.271426618161804,147.59538826360136
hold,149.27499389648438,149.03329467773438,149.27499389648438,148.94000244140625,5224,149.27499389648438,2026-04-13 15:39:00+00:00,0.026479924822439216,0.04046979316651077,-0.013989868344071552,62.25092388732989,147.6002726075139
buy,149.22999572753906,149.27499389648438,149.33999633789062,149.19000244140625,5523,149.22999572753906,2026-04-13 15:40:00+00:00,0.04364021158582432,0.04110387685037348,0.0025363347354508403,60.154652013285855,147.60526779089074
sell,149.27499389648438,149.25,149.32000732421875,149.22000122070312,6107,149.27499389648438,2026-04-13 15:41:00+00:00,0.0601771538765945,0.044918532255617684,0.015258621620976819,61.54907112066759,147.6109076249243
hold,149.17999267578125,149.27999877929688,149.33999633789062,149.0800018310547,8222,149.17999267578125,2026-04-13 15:42:00+00:00,0.06486922320641497,0.048908670445777146,0.015960552760637826,57.01272167265695,147.61801070410755
hold,149.19000244140625,149.17999267578125,149.19000244140625,149.05999755859375,7125,149.19000244140625,2026-04-13 15:43:00+00:00,0.06860459531574747,0.05284785541977122,0.015756739895976257,57.369244575501064,147.6241533780663
hold,149.16000366210938,149.2100067138672,149.2100067138672,149.1300048828125,3249,149.16000366210938,2026-04-13 15:44:00+00:00,0.06835628514050995,0.05594954136391897,0.012406743776590984,55.873633217364564,147.62688517095324
hold,149.13499450683594,149.1300048828125,149.17999267578125,149.0800018310547,7724,149.13499450683594,2026-04-13 15:45:00+00:00,0.06538771879746719,0.05783717685062861,0.007550541946838574,54.59578617803472,147.63323543385783
hold,149.05999755859375,149.18499755859375,149.18499755859375,148.9499969482422,162102,149.05999755859375,2026-04-13 15:46:00+00:00,0.05633409722963734,0.057536560926430357,-0.00120246369679302,50.84075778161728,147.74908115151865
hold,149.10000610351562,149.0500030517578,149.1199951171875,149.02999877929688,22014,149.10000610351562,2026-04-13 15:47:00+00:00,0.051790384801563505,0.05638732570145699,-0.004596940899893487,52.70938599911667,147.76381471067964
hold,149.05999755859375,149.0399932861328,149.0850067138672,149.00999450683594,7040,149.05999755859375,2026-04-13 15:48:00+00:00,0.04444872749459705,0.053999606060085005,-0.009550878565487954,50.63654279068234,147.7683198095161
hold,149.07000732421875,149.02000427246094,149.0800018310547,149.0,4433,149.07000732421875,2026-04-13 15:49:00+00:00,0.0389886784008695,0.05099742052824191,-0.012008742127372407,51.154104816735746,147.7711624400284
hold,149.0449981689453,149.07000732421875,149.09500122070312,148.97000122070312,9855,149.0449981689453,2026-04-13 15:50:00+00:00,0.03227151440648868,0.04725223930389127,-0.01498072489740259,49.750596703175184,147.77731679695694
hold,148.93499755859375,149.0,149.0800018310547,148.92999267578125,5152,148.93499755859375,2026-04-13 15:51:00+00:00,0.017866035073382136,0.04137499845778945,-0.023508963384407312,44.02857123646563,147.78023342981706
hold,149.1300048828125,148.91000366210938,149.19000244140625,148.91000366210938,13669,149.1300048828125,2026-04-13 15:52:00+00:00,0.02193222915093429,0.03748644459641842,-0.015554215445484132,54.105965343620305,147.78919575700274
buy,149.39999389648438,149.14999389648438,149.39999389648438,149.14999389648438,6835,149.39999389648438,2026-04-13 15:53:00+00:00,0.04640563894449201,0.039270283466033146,0.007135355478458866,63.8187766150983,147.7945262073313
sell,149.04330444335938,149.3000030517578,149.3350067138672,149.04330444335938,4004,149.04330444335938,2026-04-13 15:54:00+00:00,0.03659726415801856,0.03873567960443023,-0.002138415446411669,49.04968479043102,147.79694234993528
hold,149.25990295410156,149.09500122070312,149.25990295410156,149.09500122070312,2298,149.25990295410156,2026-04-13 15:55:00+00:00,0.045774090875596585,0.040143361858663504,0.005630729016933081,55.746962173463295,147.79856507087618
hold,149.11000061035156,149.1999969482422,149.25,149.11000061035156,4243,149.11000061035156,2026-04-13 15:56:00+00:00,0.04048424859308852,0.040211539205548506,0.0002727093875400169,50.77279764675969,147.8012454278097
hold,149.0449981689453,149.11000061035156,149.16000366210938,149.0,12234,149.0449981689453,2026-04-13 15:57:00+00:00,0.030693046366764065,0.03830784063779162,-0.007614794271027556,48.741813416714706,147.80853200155337
hold,149.1699981689453,149.02999877929688,149.1699981689453,149.02999877929688,4224,149.1699981689453,2026-04-13 15:58:00+00:00,0.032643608196650575,0.03717499414956341,-0.004531385952912838,52.663197684288846,147.81128036404908
hold,149.16000366210938,149.16000366210938,149.16000366210938,149.1300048828125,3815,149.16000366210938,2026-04-13 15:59:00+00:00,0.033002536626923984,0.03634050264503553,-0.0033379660181115448,52.31855588245979,147.81373490092577
hold,149.0800018310547,149.22999572753906,149.22999572753906,149.0800018310547,6380,149.0800018310547,2026-04-13 16:00:00+00:00,0.02652573862772556,0.03437754984157353,-0.007851811213847974,49.52468890992892,147.81757708649525
hold,148.97999572753906,149.0500030517578,149.0500030517578,148.9499969482422,17014,148.97999572753906,2026-04-13 16:01:00+00:00,0.013171341753860588,0.030136308224030947,-0.01696496647017036,46.20319652295729,147.826907509981
hold,149.10000610351562,148.97999572753906,149.14999389648438,148.9600067138672,52382,149.10000610351562,2026-04-13 16:02:00+00:00,0.012131871725415522,0.026535420924307863,-0.014403549198892342,50.49406993617212,147.85761006343466
hold,149.08999633789062,149.1199951171875,149.1199951171875,149.05999755859375,8198,149.08999633789062,2026-04-13 16:03:00+00:00,0.010380717360106928,0.02330448021146768,-0.012923762851360751,50.134884231843536,147.86224398916787
hold,149.11000061035156,149.08999633789062,149.17999267578125,148.9906005859375,36396,149.11000061035156,2026-04-13 16:04:00+00:00,0.010486213966970581,0.02074082696256826,-0.01025461299559768,50.88678506426333,147.88273143346294
hold,148.80999755859375,149.02000427246094,149.0399932861328,148.75,36730,148.80999755859375,2026-04-13 16:05:00+00:00,-0.013482500386885476,0.013896161492677514,-0.02737866187956299,40.921257405243324,147.89784587957377
hold,149.08999633789062,148.8300018310547,149.17999267578125,148.72999572753906,46548,149.08999633789062,2026-04-13 16:06:00+00:00,-0.00977167595794981,0.00916259400255205,-0.018934269960501862,50.63767255400501,147.9219737602852
hold,148.99000549316406,148.9199981689453,149.0500030517578,148.8300018310547,4226,148.99000549316406,2026-04-13 16:07:00+00:00,-0.014729454392607977,0.004384184323520045,-0.01911363871612802,47.62534798674716,147.92393262059366
hold,149.01510620117188,148.98500061035156,149.02000427246094,148.88999938964844,5123,149.01510620117188,2026-04-13 16:08:00+00:00,-0.016443561024345854,0.00021863525394686528,-0.01666219627829272,48.454302811188434,147.9263533346086
hold,149.0500030517578,149.01499938964844,149.05499267578125,149.0,908,149.0500030517578,2026-04-13 16:09:00+00:00,-0.014815336703009052,-0.002788159137444318,-0.012027177565564734,49.647509327260856,147.92679497760892
hold,148.9550018310547,148.99000549316406,149.02000427246094,148.9550018310547,2991,148.9550018310547,2026-04-13 16:10:00+00:00,-0.020949271587682006,-0.006420381627491856,-0.01452888996019015,46.4922749104516,147.92812448128922
hold,148.9499969482422,148.9550018310547,148.97999572753906,148.88999938964844,2447,148.9499969482422,2026-04-13 16:11:00+00:00,-0.02591557280047141,-0.010319419862087769,-0.01559615293838364,46.32524229762007,147.92920433301188
hold,148.8300018310547,148.9499969482422,149.02000427246094,148.8000030517578,6750,148.8300018310547,2026-04-13 16:12:00+00:00,-0.039083475431681336,-0.016072230976006484,-0.023011244455674852,42.39276216960645,147.93182251770446
hold,148.91000366210938,148.72999572753906,148.91000366210938,148.72000122070312,6751,148.91000366210938,2026-04-13 16:13:00+00:00,-0.04257290008220593,-0.021372364797246378,-0.021200535284959555,45.7021847724161,147.93465779858812
hold,149.02999877929688,148.99000549316406,149.02999877929688,148.94500732421875,4838,149.02999877929688,2026-04-13 16:14:00+00:00,-0.03524935847909205,-0.024147763533615516,-0.011101594945476537,50.31288889875497,147.9369283049452
hold,148.99729919433594,149.0399932861328,149.0500030517578,148.94000244140625,6836,148.99729919433594,2026-04-13 16:15:00+00:00,-0.031718352792864835,-0.025661881385465383,-0.006056471407399452,49.089576070744705,147.94002499123624
buy,149.24000549316406,149.0,149.24000549316406,149.0,4613,149.24000549316406,2026-04-13 16:16:00+00:00,-0.009229246405169533,-0.022375354389406216,0.013146107984236682,57.373904680249765,147.942581825818
sell,149.02000427246094,149.1300048828125,149.3300018310547,148.88999938964844,20907,149.02000427246094,2026-04-13 16:17:00+00:00,-0.009054354489080652,-0.019711154409341104,0.010656799920260453,49.509468467626604,147.95210114559126
hold,148.94000244140625,148.91009521484375,149.03990173339844,148.91009521484375,4589,148.94000244140625,2026-04-13 16:18:00+00:00,-0.015196059829975184,-0.018808135493467923,0.0036120756634927392,46.987194697796134,147.9540132798215
hold,149.0399932861328,149.02000427246094,149.11000061035156,149.00999450683594,2904,149.0399932861328,2026-04-13 16:19:00+00:00,-0.011858285120808887,-0.017418165418936114,0.0055598802981272274,50.38912814144373,147.95534181660815
hold,148.9949951171875,149.1199951171875,149.25,148.9949951171875,5175,148.9949951171875,2026-04-13 16:20:00+00:00,-0.01269767983581005,-0.016474068302310903,0.003776388466500854,48.86927980356849,147.95760337748385
hold,149.07000732421875,149.0800018310547,149.0800018310547,148.89999389648438,4319,149.07000732421875,2026-04-13 16:21:00+00:00,-0.007226742600522584,-0.01462460316195324,0.007397860561430656,51.4957070328322,147.95961927001846
hold,149.0301055908203,149.0500030517578,149.10989379882812,149.02999877929688,4443,149.0301055908203,2026-04-13 16:22:00+00:00,-0.0060410839824101,-0.012907899326044614,0.006866815343634513,50.023720114478195,147.961611182342
hold,149.02999877929688,149.0399932861328,149.11000061035156,148.8800048828125,5372,149.02999877929688,2026-04-13 16:23:00+00:00,-0.005051825483093353,-0.011336684557454362,0.006284859074361009,50.019598340669475,147.96400947200524
hold,149.13999938964844,149.0800018310547,149.20989990234375,149.03500366210938,4829,149.13999938964844,2026-04-13 16:24:00+00:00,0.004555782719421586,-0.008158191102079172,0.012713973821500758,54.2045652168899,147.96637769246774
hold,149.27000427246094,149.13999938964844,149.27999877929688,149.0924072265625,5628,149.27000427246094,2026-04-13 16:25:00+00:00,0.022401953213886827,-0.0020461622388859716,0.024448115452772798,58.61502836331681,147.96943015625794
hold,149.55999755859375,149.2899932861328,149.67999267578125,149.22500610351562,22038,149.55999755859375,2026-04-13 16:26:00+00:00,0.05926207026473662,0.010215484261838548,0.049046586002898074,66.39064952364164,147.98388134722228
hold,149.7899932861328,149.60000610351562,149.8000030517578,149.60000610351562,8739,149.7899932861328,2026-04-13 16:27:00+00:00,0.10581296564654963,0.029334980538780767,0.07647798510776886,71.03829567017442,147.99036506225312
hold,149.85000610351562,149.8000030517578,150.0,149.77000427246094,106042,149.85000610351562,2026-04-13 16:28:00+00:00,0.14586596637059301,0.05264117770514322,0.0932247886654498,72.12159815689324,148.067990990919
hold,149.5399932861328,149.77749633789062,149.8249969482422,149.5399932861328,6676,149.5399932861328,2026-04-13 16:29:00+00:00,0.15085386507973908,0.0722837151800624,0.07857014989967669,59.698986703517676,148.0718491913665
hold,149.85000610351562,149.52000427246094,149.85000610351562,149.5,9291,149.85000610351562,2026-04-13 16:30:00+00:00,0.17777299776184918,0.09338157169641975,0.08439142606542943,66.00490699822339,148.0783118498815
hold,149.77000427246094,149.8249969482422,149.8699951171875,149.77000427246094,6472,149.77000427246094,2026-04-13 16:31:00+00:00,0.19045567077321834,0.11279639151177948,0.07765927926143887,63.25430617809266,148.08258394046226
hold,149.66000366210938,149.74000549316406,149.7449951171875,149.66000366210938,2104,149.66000366210938,2026-04-13 16:32:00+00:00,0.18944682548885794,0.12812647830719517,0.061320347181662765,59.577956611443035,148.08387788942247
hold,149.73500061035156,149.6024932861328,150.0,149.6024932861328,38172,149.73500061035156,2026-04-13 16:33:00+00:00,0.19248014399491353,0.14099721144473884,0.05148293255017469,61.23231556040208,148.1080900056127
hold,149.72500610351562,149.75030517578125,149.75030517578125,149.64500427246094,3354,149.72500610351562,2026-04-13 16:34:00+00:00,0.191865887076915,0.15117094657117408,0.040694940505740906,60.874753723634704,148.11017065935522
hold,149.86000061035156,149.80499267578125,150.00999450683594,149.8000030517578,28606,149.86000061035156,2026-04-13 16:35:00+00:00,0.1999669183893218,0.16093014093480362,0.03903677745451817,63.937855560263955,148.1291666441124
hold,149.8000030517578,149.85499572753906,149.9199981689453,149.77999877929688,4745,149.8000030517578,2026-04-13 16:36:00+00:00,0.19924892493270363,0.16859389773438363,0.03065502719832,61.62851378823845,148.13216993668178
hold,149.7449951171875,149.66180419921875,149.75,149.63999938964844,2129,149.7449951171875,2026-04-13 16:37:00+00:00,0.19202765408292066,0.17328064900409104,0.01874700507882962,59.50639245842698,148.13346962835104
hold,149.77499389648438,149.7100067138672,149.82989501953125,149.6999969482422,5581,149.77499389648438,2026-04-13 16:38:00+00:00,0.1865746789270588,0.1759394549886846,0.010635223938374211,60.30907291115597,148.13692998007673
hold,149.85000610351562,149.8300018310547,150.0,149.8300018310547,4712,149.85000610351562,2026-04-13 16:39:00+00:00,0.18616007754047814,0.1779835794990433,0.008176498041434832,62.320368532198756,148.13997346109088
hold,150.19000244140625,149.9199981689453,150.32000732421875,149.83999633789062,67106,150.19000244140625,2026-04-13 16:40:00+00:00,0.21083598001757764,0.1845540596027502,0.026281920414827437,69.79225067094006,148.19056272044085
hold,149.8350067138672,150.17999267578125,150.17999267578125,149.8350067138672,15989,149.8350067138672,2026-04-13 16:41:00+00:00,0.1994475153168196,0.18753275074556408,0.01191476457125551,57.06758378970333,148.20017510851122
hold,150.0,149.86500549316406,150.0,149.86000061035156,3333,150.0,2026-04-13 16:42:00+00:00,0.20141388043859365,0.19030897668417002,0.011104903754423634,60.65783852805099,148.20236552957616
hold,150.25999450683594,149.90499877929688,150.27000427246094,149.90499877929688,5324,150.25999450683594,2026-04-13 16:43:00+00:00,0.22139946755581263,0.19652707485849857,0.02487239269731406,65.54714965442534,148.2063578344392
hold,150.22000122070312,150.30999755859375,150.39999389648438,150.22000122070312,22801,150.22000122070312,2026-04-13 16:44:00+00:00,0.2313442726136259,0.20349051440952404,0.027853758204101853,64.22493868093763,148.22295222086407
hold,150.05999755859375,150.2949981689453,150.36000061035156,150.0500030517578,6331,150.05999755859375,2026-04-13 16:45:00+00:00,0.22373555968309233,0.2075395234642377,0.016196036218854626,59.0894213509434,148.22714618109765
hold,150.14500427246094,150.10499572753906,150.2100067138672,150.0500030517578,69687,150.14500427246094,2026-04-13 16:46:00+00:00,0.22200578673053428,0.21043277611749703,0.011573010613037255,60.879187758452616,148.27415957732183
hold,150.41000366210938,150.2299041748047,150.42999267578125,150.14500427246094,7857,150.41000366210938,2026-04-13 16:47:00+00:00,0.23926012348633208,0.21619824559126405,0.023061877895068028,65.8891011984852,148.28004640102614
hold,150.46249389648438,150.35499572753906,150.47999572753906,150.35499572753906,5618,150.46249389648438,2026-04-13 16:48:00+00:00,0.2542391225643712,0.2238064209858855,0.03043270157848571,66.79614688985265,148.28433904842328
hold,150.63499450683594,150.4250030517578,150.74639892578125,150.4250030517578,11761,150.63499450683594,2026-04-13 16:49:00+00:00,0.2768382261143927,0.23441278201158694,0.04242544410280574,69.65216239367481,148.29397841123728
hold,150.84500122070312,150.6300048828125,150.85000610351562,150.5399932861328,18181,150.84500122070312,2026-04-13 16:50:00+00:00,0.3081418972257097,0.2491586050544115,0.05898329217129822,72.72770017256401,148.31004792838027
hold,150.72000122070312,150.8699951171875,150.9600067138672,150.72000122070312,10789,150.72000122070312,2026-04-13 16:51:00+00:00,0.3191844669314321,0.26316377742981567,0.05602068950161643,68.2914007313792,148.31902304549104
hold,150.4600067138672,150.66000366210938,150.74000549316406,150.4219970703125,11508,150.4600067138672,2026-04-13 16:52:00+00:00,0.30345832052103106,0.27122268604805877,0.032235634472972285,60.08212030382541,148.3274941833688
hold,150.4250030517578,150.4550018310547,150.55999755859375,150.4250030517578,6399,150.4250030517578,2026-04-13 16:53:00+00:00,0.28488673623607497,0.273955496085662,0.010931240150412969,59.05288614166179,148.33209876334757
hold,150.5800018310547,150.4250030517578,150.6300048828125,150.4199981689453,13730,150.5800018310547,2026-04-13 16:54:00+00:00,0.2794543521819719,0.275055267304924,0.004399084877047876,62.14523824366733,148.3426373261026
hold,150.60000610351562,150.5850067138672,150.6300048828125,150.55999755859375,7386,150.60000610351562,2026-04-13 16:55:00+00:00,0.2736093282654508,0.2747660794970294,-0.001156751231578601,62.53845363503578,148.34831605558125
hold,150.6649932861328,150.60000610351562,150.74989318847656,150.60000610351562,7634,150.6649932861328,2026-04-13 16:56:00+00:00,0.2710960012659598,0.27403206385081547,-0.002936062584855681,63.852112337662184,148.35432404697227
hold,150.75,150.75999450683594,150.75999450683594,150.67999267578125,2178,150.75,2026-04-13 16:57:00+00:00,0.2728186196658271,0.27378937501381784,-0.0009707553479907371,65.55368245255556,148.35609528265104
hold,150.72999572753906,150.66000366210938,150.75,150.66000366210938,3274,150.72999572753906,2026-04-13 16:58:00+00:00,0.26946342294900205,0.2729241846008547,-0.003460761651852662,64.78088089049196,148.35873069862694
hold,150.75999450683594,150.75,150.8000030517578,150.72500610351562,6525,150.75999450683594,2026-04-13 16:59:00+00:00,0.26615696434899405,0.2715707405504826,-0.005413776201488529,65.43887837264572,148.36403182993735
buy,150.89999389648438,150.75999450683594,151.0,150.6999969482422,59620,150.89999389648438,2026-04-13 17:00:00+00:00,0.271701348787019,0.2715968621977899,0.00010448658922912468,68.40551444718952,148.4141747556292
sell,151.0,150.89500427246094,151.00999450683594,150.83999633789062,30631,151.0,2026-04-13 17:01:00+00:00,0.28092662292877435,0.2734628143439868,0.007463808584787568,70.36256526620066,148.4401790877119
hold,150.9600067138672,151.08999633789062,151.08999633789062,150.9600067138672,3373,150.9600067138672,2026-04-13 17:02:00+00:00,0.28176261120668755,0.27512277371652694,0.006639837490160616,68.5342800925355,148.44296644000684
hold,150.9600067138672,150.9600067138672,151.0,150.9199981689453,13438,150.9600067138672,2026-04-13 17:03:00+00:00,0.27920661784941103,0.27593954254310377,0.0032670753063072655,68.5342800925355,148.45401027160145
hold,150.8699951171875,150.9199981689453,150.9499969482422,150.8699951171875,11412,150.8699951171875,2026-04-13 17:04:00+00:00,0.26684180488166476,0.27411999501081596,-0.0072781901291512074,64.18125453738534,148.46297910005745
hold,150.7550048828125,150.86500549316406,150.91990661621094,150.7550048828125,15075,150.7550048828125,2026-04-13 17:05:00+00:00,0.244940330955302,0.2682840621997132,-0.023343731244411192,59.02355649038857,148.4741639988465
hold,150.7449951171875,150.80990600585938,150.80990600585938,150.7449951171875,2368,150.7449951171875,2026-04-13 17:06:00+00:00,0.22419121388671215,0.259465492537113,-0.03527427865040084,58.58222874201969,148.47590335691413
hold,150.81500244140625,150.74000549316406,150.86000061035156,150.72999572753906,34816,150.81500244140625,2026-04-13 17:07:00+00:00,0.21096452735883986,0.24976529950145837,-0.03880077214261851,60.7903989037226,148.50195207906862
hold,150.8800048828125,150.80499267578125,150.9199981689453,150.7100067138672,28544,150.8800048828125,2026-04-13 17:08:00+00:00,0.20338296455193472,0.24048883251155365,-0.03710586795961893,62.7749052710581,148.52346741408357
hold,151.07000732421875,150.88999938964844,151.10000610351562,150.88999938964844,9654,151.07000732421875,2026-04-13 17:09:00+00:00,0.21028212902277232,0.2344474918137974,-0.024165362791025075,67.89061868141238,148.5312360123407
hold,151.16000366210938,151.08999633789062,151.16000366210938,151.0050048828125,37391,151.16000366210938,2026-04-13 17:10:00+00:00,0.22047027481858095,0.23165204841475412,-0.011181773596173172,69.99404900402592,148.56193350025518
hold,151.14500427246094,151.1300048828125,151.16000366210938,151.0883026123047,4557,151.14500427246094,2026-04-13 17:11:00+00:00,0.22474342605622155,0.2302703239430476,-0.00552689788682606,69.18063032656421,148.5656044737211
hold,150.94000244140625,151.14500427246094,151.14500427246094,150.85000610351562,51039,150.94000244140625,2026-04-13 17:12:00+00:00,0.20917673550519567,0.22605160625547724,-0.016874870750281573,59.07575141331817,148.60280621302067
hold,151.00999450683594,150.9499969482422,151.00999450683594,150.9499969482422,3081,151.00999450683594,2026-04-13 17:13:00+00:00,0.20018024259488243,0.22087733352335828,-0.020697090928475853,61.16160411393984,148.6050807802402
hold,151.02999877929688,151.0050048828125,151.0500030517578,150.89010620117188,6799,151.02999877929688,2026-04-13 17:14:00+00:00,0.19244623435611175,0.21519111368990898,-0.022744879333797235,61.76148166905394,148.61012663187805
hold,151.16400146484375,151.0449981689453,151.24000549316406,151.0449981689453,10428,151.16400146484375,2026-04-13 17:15:00+00:00,0.19488337963312574,0.21112956687855236,-0.01624618724542662,65.59500612224504,148.6182513662353
hold,151.13999938964844,151.16000366210938,151.22000122070312,151.1199951171875,7727,151.13999938964844,2026-04-13 17:16:00+00:00,0.19265723526612533,0.20743510055606695,-0.014777865289941627,64.35057858922724,148.62418196540438
hold,151.02000427246094,151.1300048828125,151.16000366210938,151.02000427246094,2501,151.02000427246094,2026-04-13 17:17:00+00:00,0.17914532095488767,0.2017771446358311,-0.022631823680943436,58.38690637764159,148.62600428190302
hold,151.11000061035156,151.0800018310547,151.1300048828125,151.02000427246094,4830,151.11000061035156,2026-04-13 17:18:00+00:00,0.17369671622989813,0.19616105895464453,-0.0224643427247464,61.28483925650298,148.62964775954765
hold,151.189697265625,151.11000061035156,151.22000122070312,151.02499389648438,10986,151.189697265625,2026-04-13 17:19:00+00:00,0.17380598455858376,0.1916900440754324,-0.017884059516848627,63.69593010353118,148.63816030584846
hold,151.1575927734375,151.19000244140625,151.19000244140625,151.1199951171875,2647,151.1575927734375,2026-04-13 17:20:00+00:00,0.16934985655541368,0.18722200657142865,-0.01787215001601497,62.02030522494759,148.6401771873684
hold,151.1699981689453,151.1649932861328,151.1699981689453,151.0500030517578,3894,151.1699981689453,2026-04-13 17:21:00+00:00,0.16491827948169657,0.18276126115348224,-0.017842981671785663,62.4315663862693,148.64315295017255
hold,151.13999938964844,151.0511016845703,151.13999938964844,151.0399932861328,2595,151.13999938964844,2026-04-13 17:22:00+00:00,0.15717377055435122,0.17764376303365603,-0.02046999247930481,60.71930266986514,148.64510864671254
hold,151.08999633789062,151.10409545898438,151.1884002685547,151.08999633789062,2712,151.08999633789062,2026-04-13 17:23:00+00:00,0.14532613384076853,0.17118023719507855,-0.025854103354310015,57.87025678832179,148.64710834977262
hold,151.00999450683594,151.125,151.15989685058594,151.00999450683594,5421,151.00999450683594,2026-04-13 17:24:00+00:00,0.12800574665806153,0.16254533908767516,-0.03453959242961363,53.54160958890096,148.6509651723479
hold,151.25,151.05499267578125,151.25,151.05499267578125,8292,151.25,2026-04-13 17:25:00+00:00,0.13212262513874862,0.15646079629788986,-0.024338171159141248,62.5836113502534,148.65743802759883
hold,151.26499938964844,151.24000549316406,151.27999877929688,151.17999267578125,7067,151.26499938964844,2026-04-13 17:26:00+00:00,0.13503896129770965,0.15217642929785385,-0.017137468000144207,63.067390900290086,148.66296100533793
hold,151.36000061035156,151.22000122070312,151.39999389648438,151.22000122070312,12580,151.36000061035156,2026-04-13 17:27:00+00:00,0.14336337946926392,0.15041381933213588,-0.00705043986287196,66.06055581501107,148.67309165405493
buy,151.4250030517578,151.3300018310547,151.44000244140625,151.3000030517578,15215,151.4250030517578,2026-04-13 17:28:00+00:00,0.1534369687532262,0.15101844921635396,0.002418519536872249,67.97313843586046,148.68553700563737
sell,151.6300048828125,151.4250030517578,151.75,151.39500427246094,30752,151.6300048828125,2026-04-13 17:29:00+00:00,0.17593423498576044,0.15600160637023525,0.019932628615525194,73.1181602678866,148.71220739027225
hold,151.72979736328125,151.61500549316406,151.8000030517578,151.5500946044922,18156,151.72979736328125,2026-04-13 17:30:00+00:00,0.19951600343907216,0.16470448578400265,0.03481151765506951,75.20620858335863,148.72825880048532
hold,151.6999969482422,151.74000549316406,151.9199981689453,151.6999969482422,41161,151.6999969482422,2026-04-13 17:31:00+00:00,0.2133408202191731,0.17443175267103678,0.038909067548136334,73.37334948613496,148.76366858865714
hold,151.7100067138672,151.77999877929688,151.78990173339844,151.70199584960938,3040,151.7100067138672,2026-04-13 17:32:00+00:00,0.22253949478084678,0.18405330109299878,0.038486193687848,73.60603338224482,148.7662591925543
hold,151.57249450683594,151.71499633789062,151.77999877929688,151.55499267578125,22399,151.57249450683594,2026-04-13 17:33:00+00:00,0.2162407361724945,0.19049078810889794,0.025749948063596567,65.17926125699788,148.78432232494407
hold,151.5399932861328,151.55499267578125,151.55999755859375,151.4199981689453,10971,151.5399932861328,2026-04-13 17:34:00+00:00,0.206248839472579,0.19364239838163416,0.012606441090944831,63.33371100295304,148.79298290271052
hold,151.47250366210938,151.47999572753906,151.51499938964844,151.44000244140625,18542,151.47250366210938,2026-04-13 17:35:00+00:00,0.1906862285807449,0.19305116442145634,-0.0023649358407114296,59.56225053425678,148.80714039312207
hold,151.48500061035156,151.52000427246094,151.5399932861328,151.4600067138672,4059,151.48500061035156,2026-04-13 17:36:00+00:00,0.17731714493746153,0.1899043605246574,-0.01258721558719586,60.03680543973895,148.81023408817995
hold,151.39999389648438,151.47999572753906,151.53990173339844,151.39999389648438,3395,151.39999389648438,2026-04-13 17:37:00+00:00,0.1580409210914695,0.1835316726380198,-0.02549075154655031,55.28417280641668,148.81273414776496
hold,151.4149932861328,151.52999877929688,151.52999877929688,151.36500549316406,7888,151.4149932861328,2026-04-13 17:38:00+00:00,0.14233396288108224,0.1752921306866323,-0.032958167805550054,55.94684497405636,148.81855780133284
hold,151.32000732421875,151.41000366210938,151.41000366210938,151.30999755859375,4278,151.32000732421875,2026-04-13 17:39:00+00:00,0.12082867429708699,0.16439943940872323,-0.04357076511163624,50.811495969685915,148.82159018269758
hold,151.27499389648438,151.30999755859375,151.31500244140625,151.14999389648438,8316,151.27499389648438,2026-04-13 17:40:00+00:00,0.0990120217775825,0.15132195588249508,-0.05230993410491258,48.53775297271381,148.82735801449766
hold,151.3000030517578,151.25,151.33999633789062,151.2100067138672,7534,151.3000030517578,2026-04-13 17:41:00+00:00,0.08278589305305672,0.13761474331660742,-0.054828850263550694,49.87969790325449,148.83261325346024
hold,151.3300018310547,151.33999633789062,151.33999633789062,151.2100067138672,10489,151.3300018310547,2026-04-13 17:42:00+00:00,0.07152275017227794,0.12439634468774154,-0.0528735945154636,51.5129781223998,148.83998112629018
hold,151.39999389648438,151.33999633789062,151.42999267578125,151.33999633789062,6426,151.39999389648438,2026-04-13 17:43:00+00:00,0.06746668903019781,0.1130104135562328,-0.04554372452603499,55.18261776114223,148.84459983440547
hold,151.3300018310547,151.39999389648438,151.44000244140625,151.2949981689453,21238,151.3300018310547,2026-04-13 17:44:00+00:00,0.05793659956518127,0.1019956507580225,-0.04405905119284123,51.02392837642983,148.85933197980873
hold,151.16000366210938,151.36000061035156,151.36000061035156,151.11000061035156,4294,151.16000366210938,2026-04-13 17:45:00+00:00,0.03624865161188495,0.088846250928795,-0.05259759931691005,42.62217530299646,148.86208590575856
hold,151.24000549316406,151.1699981689453,151.24000549316406,151.13009643554688,17993,151.24000549316406,2026-04-13 17:46:00+00:00,0.02522549199912305,0.07612209914286062,-0.050896607143737574,47.04165170821453,148.87395352028025
hold,151.38499450683594,151.25,151.47999572753906,151.1999969482422,42718,151.38499450683594,2026-04-13 17:47:00+00:00,0.027867718555540932,0.06647122302539668,-0.03860350446985575,53.96248607095696,148.90335788413265
hold,151.35000610351562,151.3800048828125,151.4600067138672,151.35000610351562,6467,151.35000610351562,2026-04-13 17:48:00+00:00,0.026829160537971575,0.058542810527911666,-0.03171364998994009,52.189991309240064,148.9076875287317
hold,151.27000427246094,151.35000610351562,151.41000366210938,151.27000427246094,13719,151.27000427246094,2026-04-13 17:49:00+00:00,0.019327817613429943,0.05069981194501532,-0.03137199433158538,48.284620136185815,148.91652262181825
hold,151.1750030517578,151.231201171875,151.30990600585938,151.16000366210938,10497,151.1750030517578,2026-04-13 17:50:00+00:00,0.005651992102315262,0.04169024797647531,-0.03603825587416005,44.06757556156208,148.922967148891
hold,151.12249755859375,151.1750030517578,151.24249267578125,151.12249755859375,12157,151.12249755859375,2026-04-13 17:51:00+00:00,-0.009315568560225529,0.031489084669135144,-0.04080465322936067,41.89001554468071,148.93021205983518
hold,151.0500030517578,151.11000061035156,151.13499450683594,151.03500366210938,6642,151.0500030517578,2026-04-13 17:52:00+00:00,-0.026719167133933297,0.019847434308521456,-0.04656660144245475,39.02283626999445,148.93401997903402
hold,151.13999938964844,151.10000610351562,151.13999938964844,151.0749969482422,4430,151.13999938964844,2026-04-13 17:53:00+00:00,-0.03287077818319517,0.009303791810178132,-0.0421745699933733,44.13482526107844,148.9366598394701
hold,151.08999633789062,151.10000610351562,151.16000366210938,151.08999633789062,3008,151.08999633789062,2026-04-13 17:54:00+00:00,-0.04130466814055467,-0.0008179001799684289,-0.04048676796058624,42.02666337230518,148.93840812665576
hold,151.17999267578125,151.1199951171875,151.17999267578125,151.11000061035156,3883,151.17999267578125,2026-04-13 17:55:00+00:00,-0.04026251316841467,-0.008706822777657677,-0.031555690390756994,46.93923674039752,148.94075500524553
hold,151.11000061035156,151.16000366210938,151.16000366210938,151.11000061035156,5225,151.11000061035156,2026-04-13 17:56:00+00:00,-0.04457059055309287,-0.015879576332744717,-0.028691014220348154,43.828615320239194,148.94380677467618
hold,151.08999633789062,151.09500122070312,151.13999938964844,151.0850067138672,2642,151.08999633789062,2026-04-13 17:57:00+00:00,-0.049033720317964935,-0.02251040512978876,-0.026523315188176175,42.952506046517215,148.9453324030575
hold,151.06500244140625,151.0749969482422,151.14999389648438,151.0574951171875,14751,151.06500244140625,2026-04-13 17:58:00+00:00,-0.05396550067590056,-0.028801424239011122,-0.025164076436889435,41.82749125271691,148.953711888194
hold,151.0,151.0316925048828,151.11000061035156,150.96499633789062,10324,151.0,2026-04-13 17:59:00+00:00,-0.062399819636311804,-0.03552110331847126,-0.026878716317840542,38.968800671960864,148.95935790864772
hold,150.9550018310547,150.9600067138672,151.02000427246094,150.9001007080078,9742,150.9550018310547,2026-04-13 18:00:00+00:00,-0.07188639275892683,-0.042794161206562376,-0.029092231552364456,37.07954975176936,148.96454029259579
hold,151.02000427246094,150.97999572753906,151.02000427246094,150.89999389648438,12795,151.02000427246094,2026-04-13 18:01:00+00:00,-0.07331429497631348,-0.048898187960512596,-0.02441610701580088,41.492260226149355,148.97152695656226
hold,151.08999633789062,151.0500030517578,151.10499572753906,151.00999450683594,11066,151.08999633789062,2026-04-13 18:02:00+00:00,-0.06801411861690099,-0.05272137409179028,-0.015292744525110709,45.89248652673368,148.97773647195686
hold,151.11000061035156,151.10499572753906,151.13999938964844,151.0655975341797,6330,151.11000061035156,2026-04-13 18:03:00+00:00,-0.06149068670177371,-0.05447523661378697,-0.007015450087986742,47.11664963665421,148.9813055989693
hold,151.11500549316406,151.1300048828125,151.1699981689453,151.11000061035156,6473,151.11500549316406,2026-04-13 18:04:00+00:00,-0.0552797372937448,-0.05463613674977854,-0.000643600543966262,47.43706780331276,148.98495157236124
buy,151.17999267578125,151.1699981689453,151.2198944091797,151.13999938964844,9088,151.17999267578125,2026-04-13 18:05:00+00:00,-0.044599477608102234,-0.05262880492144328,0.008029327313341043,51.542663577892654,148.99020502562112
sell,150.96499633789062,151.19000244140625,151.19000244140625,150.96499633789062,23859,150.96499633789062,2026-04-13 18:06:00+00:00,-0.052874201645011,-0.05267788426615683,-0.00019631737885417166,40.32183499013226,149.0025357073284
hold,150.9149932861328,151.00999450683594,151.02000427246094,150.75999450683594,13103,150.9149932861328,2026-04-13 18:07:00+00:00,-0.06274353997201843,-0.054691015407329145,-0.00805252456468928,38.23690747002307,149.0090713678808
hold,150.9040069580078,150.9149932861328,150.9499969482422,150.875,7776,150.9040069580078,2026-04-13 18:08:00+00:00,-0.0706373036972252,-0.05788027306530836,-0.012757030631916848,37.7747468104031,149.01290665385815
hold,151.02000427246094,150.9499969482422,151.0500030517578,150.91000366210938,18437,151.02000427246094,2026-04-13 18:09:00+00:00,-0.06676354587656874,-0.05965692762756044,-0.007106618249008302,45.29324685421327,149.02249241646456
hold,151.02000427246094,151.02000427246094,151.05499267578125,150.97999572753906,21293,151.02000427246094,2026-04-13 18:10:00+00:00,-0.06296771230339004,-0.06031908456272636,-0.0026486277406636838,45.29324685421327,149.0334497595271
hold,150.9539031982422,151.02000427246094,151.02000427246094,150.8000030517578,15669,150.9539031982422,2026-04-13 18:11:00+00:00,-0.06454920801931507,-0.06116510925404411,-0.0033840987652709667,41.943877374171585,149.04117077707005
hold,150.89500427246094,150.84249877929688,150.93499755859375,150.82000732421875,9694,150.89500427246094,2026-04-13 18:12:00+00:00,-0.06975115791013309,-0.0628823189852619,-0.006868838924871182,39.1647496945832,149.04577042220018
hold,150.85000610351562,150.8800048828125,150.89999389648438,150.7899932861328,10771,150.85000610351562,2026-04-13 18:13:00+00:00,-0.07662147220869997,-0.06563014962994952,-0.010991322578750448,37.140076779362936,149.0507306801299
hold,150.97000122070312,150.8800048828125,151.0,150.78550720214844,8371,150.97000122070312,2026-04-13 18:14:00+00:00,-0.07155875785551302,-0.06681587127506222,-0.0047428865804508,45.26595775385518,149.05482273607797
buy,151.00999450683594,151.0,151.02000427246094,150.97000122070312,5174,151.00999450683594,2026-04-13 18:15:00+00:00,-0.06358641172937496,-0.06616997936592478,0.0025835676365498217,47.692932101433634,149.05739589982036
sell,151.05250549316406,151.02499389648438,151.05999755859375,150.97999572753906,12880,151.05250549316406,2026-04-13 18:16:00+00:00,-0.053224450336813334,-0.0635808735601025,0.010356423223289168,50.21969222733876,149.06391095631076
hold,150.92999267578125,151.0500030517578,151.05999755859375,150.90750122070312,7871,150.92999267578125,2026-04-13 18:17:00+00:00,-0.054272660315177745,-0.061719230911117556,0.007446570595939811,43.6722164334389,149.06762742380099
hold,150.9199981689453,150.8699951171875,150.9199981689453,150.8699951171875,1634,150.9199981689453,2026-04-13 18:18:00+00:00,-0.055272698190407255,-0.0604299243669755,0.005157226176568247,43.17765141344595,149.06839296789707
hold,151.0399932861328,150.9600067138672,151.1300048828125,150.95010375976562,29288,151.0399932861328,2026-04-13 18:19:00+00:00,-0.04585405528916908,-0.057514750551414216,0.011660695262245134,50.43503173823993,149.0828904840224
hold,151.05499267578125,151.0399932861328,151.0883026123047,150.9949951171875,13341,151.05499267578125,2026-04-13 18:20:00+00:00,-0.03675569081863728,-0.05336293860485883,0.01660724778622155,51.27280559871765,149.0894738892558
hold,151.35000610351562,151.05499267578125,151.35000610351562,150.98500061035156,44227,151.35000610351562,2026-04-13 18:21:00+00:00,-0.00567463962426018,-0.0438252788087391,0.03815063918447892,64.11888894855585,149.11421682002546
hold,151.43499755859375,151.35000610351562,151.43499755859375,151.2899932861328,9485,151.43499755859375,2026-04-13 18:22:00+00:00,0.025521224703766165,-0.029955978106238047,0.05547720281000421,66.83182218630625,149.11965190238038
hold,151.39999389648438,151.42999267578125,151.42999267578125,151.3699951171875,5564,151.39999389648438,2026-04-13 18:23:00+00:00,0.046879273855665815,-0.014588927713857277,0.061468201569523095,64.66334772984972,149.1227803260784
hold,151.34500122070312,151.42999267578125,151.46499633789062,151.34500122070312,8432,151.34500122070312,2026-04-13 18:24:00+00:00,0.05869167129009156,6.719208693249136e-05,0.05862447920315907,61.2982686944882,149.12739089261663
hold,151.33999633789062,151.34500122070312,151.37989807128906,151.30999755859375,2896,151.33999633789062,2026-04-13 18:25:00+00:00,0.06687829775890464,0.013429413221326921,0.053448884537577714,60.987204833740535,149.12896643337788
hold,151.33999633789062,151.33999633789062,151.3800048828125,151.30999755859375,3587,151.33999633789062,2026-04-13 18:26:00+00:00,0.07253017550218033,0.025249565677497605,0.047280609824682726,60.987204833740535,149.1309147979867
hold,151.34500122070312,151.34500122070312,151.3800048828125,151.34500122070312,3866,151.34500122070312,2026-04-13 18:27:00+00:00,0.07653098004959702,0.03550584855191749,0.04102513149767953,61.215464569352484,149.1330156157701
hold,151.21499633789062,151.34500122070312,151.39999389648438,151.21499633789062,14364,151.21499633789062,2026-04-13 18:28:00+00:00,0.06842260572364012,0.04208919998626202,0.0263334057373781,52.60545799896765,149.14032962832206
hold,151.2449951171875,151.22000122070312,151.2899932861328,151.17999267578125,4193,151.2449951171875,2026-04-13 18:29:00+00:00,0.06368321101646757,0.04640800219230313,0.01727520882416444,54.20604429764113,149.14248571596121
hold,151.22000122070312,151.22000122070312,151.4250030517578,151.21499633789062,16138,151.22000122070312,2026-04-13 18:30:00+00:00,0.0572504603324262,0.04857649382032775,0.008673966512098452,52.61182095099583,149.15064483875867
hold,151.3699951171875,151.2899932861328,151.38499450683594,151.2899932861328,3927,151.3699951171875,2026-04-13 18:31:00+00:00,0.06352345412761906,0.05156588588178602,0.011957568245833043,60.18052147001804,149.15276379208942
hold,151.35009765625,151.3300018310547,151.35009765625,151.3000030517578,5627,151.35009765625,2026-04-13 18:32:00+00:00,0.06612701700771595,0.05447811210697201,0.01164890490074394,58.83800991428279,149.15576581400745
hold,151.40499877929688,151.3800048828125,151.42999267578125,151.3800048828125,5986,151.40499877929688,2026-04-13 18:33:00+00:00,0.07179283800292069,0.05794105728616175,0.013851780716758938,61.396904902213805,149.15903004822374
hold,151.4250030517578,151.44000244140625,151.4499969482422,151.39999389648438,4309,151.4250030517578,2026-04-13 18:34:00+00:00,0.0770095019646817,0.06175474622186574,0.015254755742815963,62.31616293452244,149.16139481285043
hold,151.39500427246094,151.4250030517578,151.4250030517578,151.27000427246094,18894,151.39500427246094,2026-04-13 18:35:00+00:00,0.07782596567210476,0.06496899011191354,0.01285697556019122,60.00839147803169,149.1715691253436
hold,151.55990600585938,151.44000244140625,151.55990600585938,151.39999389648438,108182,151.55990600585938,2026-04-13 18:36:00+00:00,0.09073329385452666,0.07012185086043617,0.020611442994090498,67.19926961785072,149.23227668108777
hold,151.56500244140625,151.42999267578125,151.62989807128906,151.3699951171875,32425,151.56500244140625,2026-04-13 18:37:00+00:00,0.10021842852702889,0.07614116639375472,0.02407726213327417,67.39440283908421,149.24991428857402
hold,151.625,151.55999755859375,151.6750030517578,151.5500030517578,13289,151.625,2026-04-13 18:38:00+00:00,0.11129384152260968,0.08317170141952572,0.028122140103083962,69.68112062855062,149.2572513794305
hold,151.4199981689453,151.64999389648438,151.69500732421875,151.39500427246094,33921,151.4199981689453,2026-04-13 18:39:00+00:00,0.10234943109006167,0.08700724735363291,0.01534218373642876,55.38753221386366,149.27417196930745
hold,151.2899932861328,151.4199981689453,151.4199981689453,151.27999877929688,11802,151.2899932861328,2026-04-13 18:40:00+00:00,0.08380456695309135,0.0863667112735246,-0.0025621443204332517,48.58164195293486,149.2796442485773
hold,151.30149841308594,151.3000030517578,151.3300018310547,151.2100067138672,14721,151.30149841308594,2026-04-13 18:41:00+00:00,0.06923786509898378,0.08294094203861643,-0.013703076939632658,49.17682581434433,149.28646731618483
hold,151.3000030517578,151.3000946044922,151.3249969482422,151.23500061035156,13613,151.3000030517578,2026-04-13 18:42:00+00:00,0.056916883368359095,0.07773613030456497,-0.020819246936205876,49.09727772215352,149.29273132768444
hold,151.31500244140625,151.36500549316406,151.36500549316406,151.30999755859375,3179,151.31500244140625,2026-04-13 18:43:00+00:00,0.0478115996098154,0.07175122416561505,-0.02393962455579965,49.971454523580505,149.29419942170622
hold,151.3800048828125,151.31500244140625,151.3800048828125,151.31500244140625,6201,151.3800048828125,2026-04-13 18:44:00+00:00,0.045318348690528865,0.06646464907059782,-0.021146300380068955,53.68366996324291,149.29714889818862
hold,151.4149932861328,151.39999389648438,151.47999572753906,151.3000030517578,26441,151.4149932861328,2026-04-13 18:45:00+00:00,0.0456395962558247,0.0622996385076432,-0.016660042251818503,55.59369505361747,149.30984208223134
hold,151.52639770507812,151.4499969482422,151.53500366210938,151.4499969482422,5873,151.52639770507812,2026-04-13 18:46:00+00:00,0.05425813877977248,0.06069133856206906,-0.006433199782296582,61.095084453346686,149.31278894234558
hold,151.77999877929688,151.55999755859375,151.8350067138672,151.55999755859375,26271,151.77999877929688,2026-04-13 18:47:00+00:00,0.08062251689111122,0.0646775742278775,0.01594494266323372,70.15833769729986,149.3273746827893
hold,151.7550048828125,151.82000732421875,151.8300018310547,151.69500732421875,21041,151.7550048828125,2026-04-13 18:48:00+00:00,0.09836577846229488,0.07141521507476098,0.026950563387533905,68.4654860698953,149.3388151352847
hold,151.75999450683594,151.7550048828125,151.77000427246094,151.6999969482422,3175,151.75999450683594,2026-04-13 18:49:00+00:00,0.11154424937652152,0.0794410219351131,0.03210322744140842,68.62822715418662,149.3405356415824
hold,151.7100067138672,151.74000549316406,151.74000549316406,151.6999969482422,3466,151.7100067138672,2026-04-13 18:50:00+00:00,0.1166104724556476,0.08687491203922001,0.02973556041642758,65.00860897203381,149.34237230160844
hold,151.7550048828125,151.72999572753906,151.8000030517578,151.6999969482422,6990,151.7550048828125,2026-04-13 18:51:00+00:00,0.12284043880154627,0.09406801739168527,0.028772421409861,66.71069039670212,149.3461379415498
hold,151.77499389648438,151.77999877929688,151.8000030517578,151.75,7457,151.77499389648438,2026-04-13 18:52:00+00:00,0.12791614071812774,0.10083764205697376,0.02707849866115397,67.46772335575213,149.35017545328225
hold,151.76499938964844,151.7949981689453,151.7949981689453,151.74000549316406,3233,151.76499938964844,2026-04-13 18:53:00+00:00,0.12963781385997208,0.10659767641757344,0.023040137442398648,66.65156387259464,149.35191455982454
hold,151.82000732421875,151.75,151.8300018310547,151.75,6685,151.82000732421875,2026-04-13 18:54:00+00:00,0.13389744641420975,0.1120576304169007,0.021839815997309053,68.8827166172355,149.35558443807878
hold,151.94000244140625,151.82009887695312,151.94000244140625,151.8000030517578,9551,151.94000244140625,2026-04-13 18:55:00+00:00,0.1452811286022495,0.11870233005397046,0.026578798548279048,73.10921098819992,149.3610631533412
hold,151.93499755859375,151.94000244140625,151.9499969482422,151.9149932861328,4906,151.93499755859375,2026-04-13 18:56:00+00:00,0.15214509261525677,0.1253908825662277,0.02675421004902906,72.66588396653756,149.363862904886
hold,151.7949981689453,151.9199981689453,151.9199981689453,151.75999450683594,12626,151.7949981689453,2026-04-13 18:57:00+00:00,0.14462095250971174,0.12923689655492454,0.015384055954787201,61.44219241549662,149.37064955296674
hold,151.57000732421875,151.8000030517578,151.82000732421875,151.52000427246094,10438,151.57000732421875,2026-04-13 18:58:00+00:00,0.11912988130913504,0.12721549350576664,-0.008085612196631592,48.48205587634036,149.37571353886162
hold,151.59500122070312,151.52650451660156,151.59500122070312,151.52650451660156,4951,151.59500122070312,2026-04-13 18:59:00+00:00,0.09979445394776576,0.12173128559416646,-0.0219368316464007,49.750092916930576,149.3781346336714
hold,151.64500427246094,151.6300048828125,151.67999267578125,151.52999877929688,11083,151.64500427246094,2026-04-13 19:00:00+00:00,0.08749720354623491,0.11488446918458016,-0.027387265638345246,52.28064460225806,149.38365705898664
hold,151.6699981689453,151.64500427246094,151.6699981689453,151.61000061035156,7017,151.6699981689453,2026-04-13 19:01:00+00:00,0.07885930162871091,0.10767943567340632,-0.02882013404469541,53.540093130605804,149.38717808418906
hold,151.63999938964844,151.625,151.63999938964844,151.625,1953,151.63999938964844,2026-04-13 19:02:00+00:00,0.06879996814112133,0.09990354216694933,-0.031103574025828,51.77384949042841,149.38814328907034
hold,151.58999633789062,151.64999389648438,151.6999969482422,151.5850067138672,8589,151.58999633789062,2026-04-13 19:03:00+00:00,0.05614583130102346,0.09115199999376415,-0.03500616869274069,48.87934342716082,149.39228427653646
hold,151.5850067138672,151.58999633789062,151.60000610351562,151.52999877929688,10709,151.5850067138672,2026-04-13 19:04:00+00:00,0.04519375030704964,0.08196035005642126,-0.03676659974937162,48.58743677643271,149.39741393419428
hold,151.6199951171875,151.5749969482422,151.6199951171875,151.5749969482422,2300,151.6199951171875,2026-04-13 19:05:00+00:00,0.038889129276839185,0.07334610590050485,-0.03445697662366566,50.80599970204237,149.39853008562525
hold,151.5449981689453,151.6199951171875,151.64999389648438,151.53500366210938,10502,151.5449981689453,2026-04-13 19:06:00+00:00,0.027523767877426053,0.06418163829588909,-0.03665787041846304,46.20361804205605,149.40344074024702
hold,151.47999572753906,151.52999877929688,151.52999877929688,151.46499633789062,8494,151.47999572753906,2026-04-13 19:07:00+00:00,0.01312024133687828,0.053969358904086925,-0.040849117567208645,42.601459164571665,149.40727600877648
hold,151.5800018310547,151.4801025390625,151.58999633789062,151.4801025390625,6718,151.5800018310547,2026-04-13 19:08:00+00:00,0.009663603543259569,0.04510820783192146,-0.03544460428866189,49.167584223614305,149.41044521916558
hold,151.5500030517578,151.60000610351562,151.6199951171875,151.5500030517578,7291,151.5500030517578,2026-04-13 19:09:00+00:00,0.004452219988451134,0.036977010263227396,-0.03252479027477626,47.415362217086866,149.41382688204095
hold,151.47500610351562,151.55499267578125,151.5800018310547,151.4600067138672,20463,151.47500610351562,2026-04-13 19:10:00+00:00,-0.0056641729126454265,0.028448773628052832,-0.034112946540698255,43.26425298514364,149.42292982843148
hold,151.52999877929688,151.44000244140625,151.55499267578125,151.41009521484375,14428,151.52999877929688,2026-04-13 19:11:00+00:00,-0.009138692668472004,0.020931280368747866,-0.03006997303721987,46.93298264769955,149.4294706388691
hold,151.65499877929688,151.60000610351562,151.66000366210938,151.57000732421875,4284,151.65499877929688,2026-04-13 19:12:00+00:00,-0.0017852401390427985,0.016387976267189734,-0.018173216406232533,54.184965901120606,149.43152005015244
hold,151.69500732421875,151.64999389648438,151.69500732421875,151.64500427246094,3580,151.69500732421875,2026-04-13 19:13:00+00:00,0.007187921296718969,0.014547965273095582,-0.007360043976376613,56.24596431537779,149.43326054834773
buy,151.75,151.7100067138672,151.8000030517578,151.67010498046875,6644,151.75,2026-04-13 19:14:00+00:00,0.018523142469177856,0.015343000712312038,0.0031801417568658175,58.97762777186939,149.4365619623529
sell,151.77999877929688,151.77999877929688,151.80999755859375,151.69000244140625,11715,151.77999877929688,2026-04-13 19:15:00+00:00,0.029585988830575616,0.018191598335964752,0.011394390494610863,60.42897004447185,149.44243548763902
hold,151.8300018310547,151.7899932861328,151.85000610351562,151.7899932861328,6322,151.8300018310547,2026-04-13 19:16:00+00:00,0.041905146218851996,0.022934307912542203,0.018970838306309794,62.79196820126891,149.44566046170604
hold,151.74000549316406,151.8300018310547,151.8300018310547,151.72999572753906,8012,151.74000549316406,2026-04-13 19:17:00+00:00,0.04390016113615047,0.027127478557263857,0.016772682578886616,56.278106739216476,149.4495812478967
hold,151.7949981689453,151.74000549316406,151.81500244140625,151.73500061035156,6781,151.7949981689453,2026-04-13 19:18:00+00:00,0.049349800394224985,0.03157194292465608,0.017777857469568906,59.07205920788698,149.4529685942833
hold,151.75999450683594,151.82000732421875,151.82000732421875,151.75999450683594,7097,151.75999450683594,2026-04-13 19:19:00+00:00,0.05026475496782723,0.03531050533329031,0.014954249634536919,56.59305913882461,149.45645050098113
hold,151.85499572753906,151.75,151.91000366210938,151.75,13663,151.85499572753906,2026-04-13 19:20:00+00:00,0.05798722695519132,0.03984584965767051,0.018141377297520807,61.335551447205276,149.4633995243998
hold,151.7949981689453,151.85499572753906,151.88259887695312,151.7899932861328,8047,151.7949981689453,2026-04-13 19:21:00+00:00,0.058590643616355464,0.04359480844940751,0.014995835166947954,57.09307021468664,149.4673712311142
hold,151.91000366210938,151.7949981689453,151.9149932861328,151.77499389648438,8498,151.91000366210938,2026-04-13 19:22:00+00:00,0.06756993369029374,0.04838983349758476,0.01918010019270898,62.45400974078137,149.47175738305964
hold,151.85000610351562,151.91000366210938,152.00999450683594,151.8300018310547,29536,151.85000610351562,2026-04-13 19:23:00+00:00,0.06904883225141134,0.05252163324835008,0.01652719900306126,58.357536729891805,149.486508188325
hold,151.80999755859375,151.8699951171875,151.8699951171875,151.77749633789062,8596,151.80999755859375,2026-04-13 19:24:00+00:00,0.06622906734395428,0.055263120067470924,0.01096594727648336,55.732345448865345,149.49069478027073
hold,151.82000732421875,151.8000030517578,151.8300018310547,151.77000427246094,11401,151.82000732421875,2026-04-13 19:25:00+00:00,0.06406360243957465,0.05702321654189167,0.00704038589768298,56.26246538348978,149.49624816289966
hold,151.8699951171875,151.8000030517578,151.93499755859375,151.77000427246094,29296,151.8699951171875,2026-04-13 19:26:00+00:00,0.06562457379189368,0.05874348799189208,0.006881085800001602,58.908894042253124,149.51070180014855
hold,151.85000610351562,151.8300018310547,151.8800048828125,151.8300018310547,8689,151.85000610351562,2026-04-13 19:27:00+00:00,0.06450513346118214,0.0598958170857501,0.004609316375432042,57.41290806418299,149.51491883622387
hold,151.83999633789062,151.8800048828125,151.8800048828125,151.80999755859375,9446,151.83999633789062,2026-04-13 19:28:00+00:00,0.06209447801305146,0.060335549271210376,0.0017589287418410815,56.637257528875416,149.51946647438723
hold,151.8300018310547,151.8594970703125,151.88999938964844,151.77999877929688,12865,151.8300018310547,2026-04-13 19:29:00+00:00,0.058700875871465996,0.0600086145912615,-0.0013077387197955037,55.82626423657814,149.52560504955053
hold,151.82000732421875,151.77999877929688,151.8300018310547,151.73500061035156,13478,151.82000732421875,2026-04-13 19:30:00+00:00,0.05457583232777097,0.058922058138563396,-0.004346225810792428,54.97846630990084,149.53197348957448
buy,152.00999450683594,151.80999755859375,152.00999450683594,151.80499267578125,14967,152.00999450683594,2026-04-13 19:31:00+00:00,0.0658776864858055,0.060313183808011823,0.005564502677793674,65.655649751814,149.53958798675262
sell,152.02999877929688,152.02000427246094,152.07400512695312,152.0,11179,152.02999877929688,2026-04-13 19:32:00+00:00,0.07557745507961044,0.06336603806233156,0.012211417017278889,66.55504416912473,149.5452906774655
hold,152.05999755859375,152.00999450683594,152.05999755859375,151.97999572753906,13292,152.05999755859375,2026-04-13 19:33:00+00:00,0.08470877235393459,0.06763458492065216,0.01707418743328243,67.91211189681758,149.55211882251137
hold,152.08999633789062,152.02000427246094,152.08999633789062,151.99009704589844,12183,152.08999633789062,2026-04-13 19:34:00+00:00,0.09329066118962714,0.07276580017444717,0.020524861015179974,69.25556376938383,149.55841925605156
hold,152.05999755859375,152.09500122070312,152.125,151.97000122070312,17227,152.05999755859375,2026-04-13 19:35:00+00:00,0.09655815681566082,0.0775242715026899,0.019033885312970927,66.2676554507481,149.56717004913517
hold,152.07000732421875,152.07000732421875,152.13999938964844,152.07000732421875,16436,152.07000732421875,2026-04-13 19:36:00+00:00,0.0988162824777703,0.08178267369770598,0.017033608780064324,66.78262659691293,149.57549545409145
hold,152.08999633789062,152.07000732421875,152.1199951171875,152.0614013671875,8087,152.08999633789062,2026-04-13 19:37:00+00:00,0.10105392296205196,0.08563692355057517,0.015416999411476784,67.83853049291926,149.57960416547644
hold,152.10000610351562,152.05999755859375,152.10000610351562,151.97000122070312,14791,152.10000610351562,2026-04-13 19:38:00+00:00,0.10245394825784615,0.08900032849202938,0.013453619765816771,68.3805692955598,149.58711412776788
hold,152.05999755859375,152.08999633789062,152.08999633789062,152.0050048828125,10235,152.05999755859375,2026-04-13 19:39:00+00:00,0.0991917029743945,0.0910386033885024,0.008153099585892096,63.75542615975007,149.59220236527986
hold,151.89999389648438,152.05999755859375,152.0800018310547,151.88999938964844,19129,151.89999389648438,2026-04-13 19:40:00+00:00,0.08274159811992376,0.08937920233478669,-0.006637604214862924,49.37270049381845,149.60104329200252
hold,151.8800048828125,151.9600067138672,151.9600067138672,151.8800048828125,16085,151.8800048828125,2026-04-13 19:41:00+00:00,0.06731584994250284,0.08496653185632992,-0.017650681913827085,47.91834043785761,149.60836091917645
hold,151.86990356445312,151.8800048828125,151.89999389648438,151.77000427246094,18809,151.86990356445312,2026-04-13 19:42:00+00:00,0.05365721443646976,0.0787046683723579,-0.025047453935888142,47.16228906039565,149.61682062174293
hold,151.83999633789062,151.8300018310547,151.92999267578125,151.80999755859375,9985,151.83999633789062,2026-04-13 19:43:00+00:00,0.039958764391883506,0.07095548757626302,-0.030996723184379515,44.90331764592632,149.6212266259146
hold,151.80999755859375,151.8101043701172,151.8800048828125,151.80999755859375,9910,151.80999755859375,2026-04-13 19:44:00+00:00,0.026377924961280996,0.06203997505326662,-0.03566205009198562,42.69430629982849,149.62552341077085
hold,151.85000610351562,151.80999755859375,151.89999389648438,151.77999877929688,17021,151.85000610351562,2026-04-13 19:45:00+00:00,0.01862862785174002,0.0533577056129613,-0.03472907776122128,46.47612676373001,149.6329985946032
hold,151.8300018310547,151.8800048828125,151.88999938964844,151.75,15312,151.8300018310547,2026-04-13 19:46:00+00:00,0.010749166753612371,0.04483599784109152,-0.03408683108747915,44.88126548154204,149.6396201420487
hold,151.60000610351562,151.7899932861328,151.80499267578125,151.5749969482422,29580,151.60000610351562,2026-04-13 19:47:00+00:00,-0.013893935354928999,0.03309001120188742,-0.04698394655681642,31.49809594085046,149.65096803861942
hold,151.5449981689453,151.5850067138672,151.64999389648438,151.51499938964844,20928,151.5449981689453,2026-04-13 19:48:00+00:00,-0.0374309709856675,0.018985814764376434,-0.056416785750043934,29.251464879406484,149.65869333623232
hold,151.5800018310547,151.5399932861328,151.61000061035156,151.49000549316406,32014,151.5800018310547,2026-04-13 19:49:00+00:00,-0.0526527897191329,0.004658093867674568,-0.057310883586807464,32.548415492134566,149.6706067533699
hold,151.83999633789062,151.61000061035156,151.8800048828125,151.59500122070312,51457,151.83999633789062,2026-04-13 19:50:00+00:00,-0.04323838174599359,-0.004921201255059064,-0.03831718049093453,50.864288123080804,149.69201466675094
hold,151.8000030517578,151.82000732421875,151.86000061035156,151.6199951171875,28442,151.8000030517578,2026-04-13 19:51:00+00:00,-0.038560023603878335,-0.011648965724822918,-0.026911057879055417,48.67477760450956,149.70345024848754
hold,151.99000549316406,151.82000732421875,152.05999755859375,151.74000549316406,51877,151.99000549316406,2026-04-13 19:52:00+00:00,-0.01929832291193634,-0.013178837162245601,-0.0061194857496907375,57.93832631474915,149.7258534638989
buy,151.9199981689453,151.9600067138672,152.0500030517578,151.88999938964844,25479,151.9199981689453,2026-04-13 19:53:00+00:00,-0.009571952815633722,-0.012457460292923227,0.0028855074772895055,54.06626771961131,149.73636137969888
sell,151.9459991455078,151.88999938964844,152.0800018310547,151.88499450683594,34920,151.9459991455078,2026-04-13 19:54:00+00:00,0.00023165667585089977,-0.009919636899168402,0.010151293575019302,55.26213261602899,149.75077002100917
hold,151.88999938964844,151.94000244140625,152.07000732421875,151.8699951171875,47613,151.88999938964844,2026-04-13 19:55:00+00:00,0.0034426903492885685,-0.007247171449477008,0.010689861798765576,52.11514187948616,149.7696224076695
hold,151.85499572753906,151.89999389648438,151.97000122070312,151.8000030517578,51892,151.85499572753906,2026-04-13 19:56:00+00:00,0.0031269096078290204,-0.005172355238015802,0.008299264845844822,50.1911339220084,149.78946124873346
hold,151.94000244140625,151.82000732421875,151.9499969482422,151.8000030517578,72811,151.94000244140625,2026-04-13 19:57:00+00:00,0.009625031106224924,-0.002212877969167657,0.011837909075392582,54.57688778703451,149.81778938827418
hold,151.9199981689453,151.94000244140625,152.03500366210938,151.88999938964844,110964,151.9199981689453,2026-04-13 19:58:00+00:00,0.01301068255560267,0.0008318341357864089,0.012178848419816262,53.385601998672826,149.8591606856332
hold,151.9600067138672,151.89999389648438,152.07000732421875,151.8800048828125,179621,151.9600067138672,2026-04-13 19:59:00+00:00,0.018706553427904282,0.004406777994209984,0.014299775433694298,55.4787006777209,149.9240201283507
