action,close,open,high,low,volume,price,time,fast_ema,slow_ema,rsi_14,vwma,atr,action_quality
hold,255.2100067138672,255.0399932861328,255.7700042724609,254.9499969482422,1213211,255.2100067138672,2025-10-01 13:30:00+00:00,0.0,0.0,50.0,255.2100067138672,0.8200073242187216,bad
hold,256.0599975585937,255.1699981689453,256.3099975585937,255.0500030517578,365479,256.0599975585937,2025-10-01 13:31:00+00:00,0.0,0.0,50.0,255.406786198085,1.0400009155273011,bad
hold,255.94000244140625,256.0599975585937,256.5599060058594,255.8300018310547,301178,255.94000244140625,2025-10-01 13:32:00+00:00,0.0,0.0,50.0,255.49221400563903,0.93663533528643,bad
hold,256.2950134277344,255.9149932861328,256.5,255.85499572753903,176949,256.2950134277344,2025-10-01 13:33:00+00:00,0.0,0.0,50.0,255.561279243305,0.8637275695800639,bad
hold,256.5174865722656,256.2950134277344,256.79998779296875,256.2950134277344,216541,256.5174865722656,2025-10-01 13:34:00+00:00,0.0,0.0,50.0,255.6523595268417,0.7919769287109262,bad
hold,257.4231872558594,256.489990234375,257.4287109375,256.4100036621094,401003,257.4231872558594,2025-10-01 13:35:00+00:00,0.0,0.0,50.0,255.91788360224487,0.8297653198242093,neutral
hold,258.42498779296875,257.42999267578125,258.5221862792969,257.3999938964844,595172,258.42498779296875,2025-10-01 13:36:00+00:00,0.0,0.0,50.0,256.37426627689644,0.8715406145368222,neutral
hold,258.5299987792969,258.41668701171875,258.7900085449219,258.239990234375,439154,258.5299987792969,2025-10-01 13:37:00+00:00,0.0,0.0,50.0,256.6295314290538,0.8313503265380788,good
buy,258.4349975585937,258.5299987792969,258.7699890136719,258.4100036621094,295172,258.4349975585937,2025-10-01 13:38:00+00:00,256.9817420111762,0.0,50.0,256.76263378065727,0.7789764404296812,bad
hold,258.04998779296875,258.44500732421875,258.635009765625,257.8999938964844,269885,258.04998779296875,2025-10-01 13:39:00+00:00,257.19539116753475,0.0,50.0,256.8439296040881,0.7745803833007756,good
hold,258.0899963378906,258.0400085449219,258.44000244140625,258.010009765625,185042,258.0899963378906,2025-10-01 13:40:00+00:00,257.374312201606,0.0,50.0,256.89564203894287,0.7432542280717278,bad
hold,257.79998779296875,258.0799865722656,258.0799865722656,257.6708984375,199437,257.79998779296875,2025-10-01 13:41:00+00:00,257.45944731987856,0.0,50.0,256.9343606670862,0.7162412007649692,bad
hold,258.125,257.8099975585937,258.1481018066406,257.6202087402344,124544,258.125,2025-10-01 13:42:00+00:00,257.5925578559029,0.0,50.0,256.9653651013558,0.7017528827373755,bad
hold,257.573486328125,258.1600036621094,258.2300109863281,257.4901123046875,160581,257.573486328125,2025-10-01 13:43:00+00:00,257.5887435503473,0.0,50.0,256.98511946918825,0.7044775826590362,bad
hold,257.6700134277344,257.6000061035156,257.67999267578125,257.3599853515625,92281,257.6700134277344,2025-10-01 13:44:00+00:00,257.6049975258248,0.0,73.02056470843578,256.9976705724146,0.6687632969447525,bad
hold,257.04168701171875,257.6499938964844,257.6791076660156,256.9349975585937,226575,257.04168701171875,2025-10-01 13:45:00+00:00,257.4923354230036,0.0,64.81253891160785,256.99956579060364,0.6319144112723275,bad
hold,256.67999267578125,257.0400085449219,257.0599060058594,256.6600036621094,138645,256.67999267578125,2025-10-01 13:46:00+00:00,257.3298668735591,0.0,60.59034637952952,256.9913620406924,0.6083428519112785,bad
hold,256.33990478515625,256.6300048828125,256.7200012207031,256.2799987792969,136049,256.33990478515625,2025-10-01 13:47:00+00:00,257.1318744558786,0.0,56.84084378023017,256.9753548633598,0.5936998639787987,neutral
hold,255.8500061035156,256.32000732421875,256.572509765625,255.8500061035156,196915,255.8500061035156,2025-10-01 13:48:00+00:00,256.875500785406,0.0,51.86209654017279,256.9367072738684,0.6092376708984436,good
hold,255.4499969482422,255.84030151367188,255.9499969482422,255.42999267578125,197318,255.4499969482422,2025-10-01 13:49:00+00:00,256.59040001797325,0.0,48.15329244732039,256.8872471105316,0.5736160278320374,bad
sell,255.6750030517578,255.41000366210935,255.8000030517578,255.27999877929688,201384,255.6750030517578,2025-10-01 13:50:00+00:00,256.4073206247302,257.00860668364027,50.306056044720336,257.25126607365024,0.5306025913783543,good
hold,255.83999633789065,255.69000244140625,255.88999938964844,255.5601043701172,127915,255.83999633789065,2025-10-01 13:51:00+00:00,256.2938557673623,256.90236937948123,51.88375290733226,257.3057033250492,0.5148794991629525,bad
hold,255.82000732421875,255.83999633789065,255.9488067626953,255.72999572753903,103465,255.82000732421875,2025-10-01 13:52:00+00:00,256.1990860787336,256.8039728290028,51.66972715108208,257.36315202551594,0.504795619419651,bad
hold,256.1499938964844,255.8300018310547,256.1700134277344,255.7899932861328,137012,256.1499938964844,2025-10-01 13:53:00+00:00,256.1892676422837,256.74452019877384,54.971957125795015,257.36827992237767,0.47943878173828935,good
hold,256.25,256.1597900390625,256.29998779296875,256.0199890136719,116187,256.25,2025-10-01 13:54:00+00:00,256.201414113827,256.69956381706714,55.954174791831385,257.38078115483864,0.46872493198940546,neutral
hold,255.97000122070312,256.239990234375,256.239990234375,255.9698944091797,85288,255.97000122070312,2025-10-01 13:55:00+00:00,256.15513153520226,256.63323994467044,52.50108953486506,257.34668809207903,0.45879690987724026,bad
hold,256.4100036621094,255.9600067138672,256.45001220703125,255.8650054931641,133635,256.4100036621094,2025-10-01 13:56:00+00:00,256.20610596058367,256.61294573716486,56.99268624431096,257.1316450375253,0.46287645612444805,good
hold,256.3299865722656,256.44000244140625,256.4841003417969,256.3099975585937,112107,256.3299865722656,2025-10-01 13:57:00+00:00,256.23088208292006,256.5872221767195,55.956401196292816,256.9143343861131,0.4224624633789164,good
hold,256.3500061035156,256.3349914550781,256.3999938964844,256.239990234375,89993,256.3500061035156,2025-10-01 13:58:00+00:00,256.2547068870392,256.56565707915547,56.1711230672827,256.749667180792,0.4110336303711039,good
hold,256.5050048828125,256.3500061035156,256.5599060058594,256.29998779296875,105222,256.5050048828125,2025-10-01 13:59:00+00:00,256.30476648619384,256.5601432431243,57.88314178412865,256.6184009621321,0.3764484950474391,good
hold,256.6300048828125,256.5150146484375,256.6400146484375,256.29998779296875,101725,256.6300048828125,2025-10-01 14:00:00+00:00,256.3698141655176,256.56649430127777,59.26505791888676,256.5210931763728,0.37217167445592125,neutral
hold,256.6199951171875,256.6400146484375,256.739990234375,256.489990234375,94049,256.6199951171875,2025-10-01 14:01:00+00:00,256.4198503558516,256.571358011815,59.09783497263655,256.4294231425339,0.358600071498332,bad
hold,256.3500061035156,256.6199951171875,256.625,256.3099975585937,71953,256.3500061035156,2025-10-01 14:02:00+00:00,256.40588150538446,256.5512351110605,54.62107063507887,256.3469027678182,0.3294928414481108,neutral
hold,256.239990234375,256.3699951171875,256.40301513671875,256.03009033203125,69676,256.239990234375,2025-10-01 14:03:00+00:00,256.3727032511826,256.52294012227094,52.86377527435568,256.26634166758004,0.31898716517857956,bad
hold,256.42999267578125,256.2300109863281,256.5400085449219,256.20001220703125,51259,256.42999267578125,2025-10-01 14:04:00+00:00,256.3841611361024,256.5144903544082,55.525043314230665,256.2178137852494,0.30612945556641435,bad
hold,256.3197937011719,256.4200134277344,256.4200134277344,256.2726135253906,53847,256.3197937011719,2025-10-01 14:05:00+00:00,256.37128764911625,256.49679065865945,53.633682045954366,256.1398423904254,0.29380689348494116,bad
hold,256.114990234375,256.319091796875,256.3299865722656,256.0799865722656,98374,256.114990234375,2025-10-01 14:06:00+00:00,256.320028166168,256.46208152917904,50.210540072489614,256.10597409894933,0.2960346766880641,bad
hold,256.0350036621094,256.1400146484375,256.2099914550781,255.9900054931641,76064,256.0350036621094,2025-10-01 14:07:00+00:00,256.2630232653563,256.4232562685363,48.89791084995941,256.0892319328337,0.28460366385324065,bad
hold,255.8500061035156,256.04998779296875,256.0899963378906,255.7700042724609,110357,255.8500061035156,2025-10-01 14:08:00+00:00,256.1804198329882,256.3711426171708,45.908575825404704,256.09892241328095,0.2874603271484436,neutral
hold,255.85009765625,255.85499572753903,255.92999267578125,255.72999572753903,61344,255.85009765625,2025-10-01 14:09:00+00:00,256.11435539764057,256.3237748934507,45.91033816077854,256.15528867302936,0.2817382812500081,good
hold,256.0,255.8800048828125,256.07989501953125,255.877197265625,54492,256.0,2025-10-01 14:10:00+00:00,256.09148431811246,256.2943408122279,48.84891326019674,256.2028946940651,0.25636618477958606,good
hold,255.7949981689453,255.9884033203125,256.0419006347656,255.7801055908203,58278,255.7949981689453,2025-10-01 14:11:00+00:00,256.03218708827904,256.2489460264749,45.22996186873002,256.21558785486974,0.26262991768973826,bad
hold,255.52999877929688,255.7949981689453,255.80999755859372,255.52999877929688,106940,255.52999877929688,2025-10-01 14:12:00+00:00,255.93174942648264,256.1835871858224,41.0013500678658,256.1974716674296,0.27120099748884335,bad
hold,255.65499877929688,255.5200042724609,255.75999450683597,255.43499755859372,89792,255.65499877929688,2025-10-01 14:13:00+00:00,255.8763992970455,256.1355336943201,43.67628199280558,256.17322420237565,0.2758494785853876,bad
hold,255.97999572753903,255.6569976806641,255.9900054931641,255.6569976806641,51912,255.97999572753903,2025-10-01 14:14:00+00:00,255.89711858314425,256.1213938791582,50.02099807292996,256.161918859032,0.27549089704242086,bad
hold,256.0544128417969,255.9875030517578,256.0950012207031,255.94000244140625,56805,256.0544128417969,2025-10-01 14:15:00+00:00,255.9285774348748,256.1153046939435,51.37178676084672,256.1681460970312,0.2687050955636262,bad
hold,256.3699951171875,256.0512084960937,256.3999938964844,256.0249938964844,97595,256.3699951171875,2025-10-01 14:16:00+00:00,256.01686097133734,256.1384583687838,56.71455334204708,256.160315531281,0.27299063546317576,bad
hold,256.3399963378906,256.3699951171875,256.4700012207031,256.29998779296875,97508,256.3399963378906,2025-10-01 14:17:00+00:00,256.08148804464804,256.15678000233896,56.0837548682991,256.15937575580057,0.25849696568080965,bad
buy,256.7124938964844,256.3500061035156,256.7250061035156,256.3500061035156,75679,256.7124938964844,2025-10-01 14:18:00+00:00,256.2076892150153,256.2072994472613,61.76976485529764,256.174982858898,0.2617122105189793,good
hold,256.9800109863281,256.7200012207031,257.0299987792969,256.7099914550781,128216,256.9800109863281,2025-10-01 14:19:00+00:00,256.3621535692779,256.2775459508128,65.24957334084361,256.2176339590753,0.27332850864955965,neutral
hold,256.92999267578125,256.9855041503906,257.0198974609375,256.8901062011719,80864,256.92999267578125,2025-10-01 14:20:00+00:00,256.4757213905786,256.3368592894463,64.07521505422957,256.2275113745585,0.26474217006139,bad
hold,257.17999267578125,256.92999267578125,257.3299865722656,256.9150085449219,101944,257.17999267578125,2025-10-01 14:21:00+00:00,256.6165756476192,256.4135077791131,67.24810525542934,256.2652959737461,0.27867017473494116,bad
hold,256.75,257.17999267578125,257.2200012207031,256.739990234375,90032,256.75,2025-10-01 14:22:00+00:00,256.6432605180953,256.4440979810119,57.79345894156626,256.28860090089245,0.2901000976562561,bad
hold,256.7149963378906,256.7799987792969,256.8099975585937,256.625,56912,256.7149963378906,2025-10-01 14:23:00+00:00,256.6576076820544,256.4687251043645,57.08980215478898,256.3059039741421,0.2890287126813616,good
hold,256.7226867675781,256.7300109863281,256.7799987792969,256.6400146484375,71708,256.7226867675781,2025-10-01 14:24:00+00:00,256.67062349915915,256.491812528293,57.2130601857045,256.32043819021703,0.2826134817940848,bad
hold,256.66119384765625,256.7284851074219,256.82000732421875,256.5899963378906,66864,256.66119384765625,2025-10-01 14:25:00+00:00,256.6687375688586,256.5072108300533,55.83204815643014,256.3344231566814,0.2803431919642857,bad
hold,256.2699890136719,256.6700134277344,256.6700134277344,256.1669921875,187501,256.2699890136719,2025-10-01 14:26:00+00:00,256.5889878578213,256.48564521038224,47.90914285341794,256.3399467441904,0.29627336774553775,neutral
hold,256.45001220703125,256.2900085449219,256.4800109863281,256.23388671875,73011,256.45001220703125,2025-10-01 14:27:00+00:00,256.5611927276633,256.4824058464412,51.33173906346339,256.35812814857246,0.2906396048409578,bad
hold,256.6499938964844,256.44000244140625,256.6698913574219,256.3800048828125,75340,256.6499938964844,2025-10-01 14:28:00+00:00,256.57895296142755,256.49764112371787,54.87844115940906,256.40451923046703,0.28741673060825484,bad
hold,256.1614074707031,256.6300048828125,256.6452941894531,256.1614074707031,124063,256.1614074707031,2025-10-01 14:29:00+00:00,256.4954438632827,256.46707442798925,46.04897069444686,256.40672453544016,0.3112444196428531,bad
sell,256.1499938964844,256.17999267578125,256.2590026855469,256.1000061035156,68923,256.1499938964844,2025-10-01 14:30:00+00:00,256.42635386992305,256.43824892512515,45.8633341528568,256.40926366866654,0.29581560407365665,good
hold,256.0199890136719,256.1376953125,256.24200439453125,255.9492950439453,80557,256.0199890136719,2025-10-01 14:31:00+00:00,256.34508089867285,256.40022529681124,43.70225786877022,256.4117546635629,0.304579598563054,good
hold,255.88999938964844,256.0,256.0199890136719,255.835205078125,76331,255.88999938964844,2025-10-01 14:32:00+00:00,256.254064596868,256.3538411234328,41.59194239473911,256.4428520657315,0.2902777535574736,good
hold,255.45989990234372,255.88499450683597,255.9069976806641,255.3999938964844,115045,255.45989990234372,2025-10-01 14:33:00+00:00,256.09523165796315,256.2725737396974,35.48608667550516,256.4190223881962,0.30363464355468345,bad
hold,255.8459014892578,255.4600067138672,255.8459014892578,255.4600067138672,73191,255.8459014892578,2025-10-01 14:34:00+00:00,256.0453656242221,256.2337853532938,43.502359578041926,256.408368555318,0.3219353812081453,good
hold,255.96499633789065,255.8350067138672,255.97959899902344,255.8282012939453,58704,255.96499633789065,2025-10-01 14:35:00+00:00,256.0292917669558,256.20934998825715,45.74246143024133,256.40507893986205,0.3031082153320292,neutral
hold,255.8800048828125,255.96499633789065,255.9900054931641,255.83999633789065,52851,255.8800048828125,2025-10-01 14:36:00+00:00,255.9994343901272,256.1794095241258,44.389804510785005,256.3912195087429,0.2795366559709801,neutral
hold,255.7899932861328,255.8699951171875,255.92999267578125,255.75,45713,255.7899932861328,2025-10-01 14:37:00+00:00,255.9575461693283,256.1440080479446,42.94152148593018,256.37801736099993,0.2791791643415199,good
hold,255.7700042724609,255.82000732421875,255.8300018310547,255.610107421875,67069,255.7700042724609,2025-10-01 14:38:00+00:00,255.92003778995485,256.11000770471884,42.60905361742982,256.33902151563404,0.28488704136439935,neutral
hold,255.8300018310547,255.7700042724609,255.92999267578125,255.75999450683597,43719,255.8300018310547,2025-10-01 14:39:00+00:00,255.90203059817483,256.0845526252948,44.01027728601333,256.27416638699384,0.2806004115513393,neutral
hold,255.7350006103516,255.82000732421875,255.83999633789065,255.6649932861328,70933,255.7350006103516,2025-10-01 14:40:00+00:00,255.8686246006102,256.0527751693909,42.25120584838624,256.2171326731222,0.25717054094587255,neutral
hold,255.6999969482422,255.7400054931641,255.7449951171875,255.58999633789065,48855,255.6999969482422,2025-10-01 14:41:00+00:00,255.8348990701366,256.0207044220137,41.5915708709675,256.13736746203483,0.2506615774972098,neutral
hold,255.67999267578125,255.69000244140625,255.6999969482422,255.5424041748047,52968,255.67999267578125,2025-10-01 14:42:00+00:00,255.80391779126555,255.98973062690163,41.19573893829302,256.0848050784313,0.24121202741350448,neutral
hold,255.58999633789065,255.7100067138672,255.7250061035156,255.5500030517578,45981,255.58999633789065,2025-10-01 14:43:00+00:00,255.76113350059055,255.9533911460824,39.37994177670591,256.04570937372034,0.2188132149832569,good
hold,255.5500030517578,255.60499572753903,255.625,255.5,36560,255.5500030517578,2025-10-01 14:44:00+00:00,255.71890741082404,255.91671950114383,38.566416119275466,256.0001768820716,0.21638488769531047,bad
hold,255.5800018310547,255.55999755859372,255.6499938964844,255.50999450683597,48906,255.5800018310547,2025-10-01 14:45:00+00:00,255.69112629487017,255.88610880386295,39.57477616341283,255.95540687843328,0.2054770333426319,good
hold,255.8999938964844,255.6000061035156,255.94500732421875,255.56500244140625,59855,255.8999938964844,2025-10-01 14:46:00+00:00,255.73289981519304,255.8873710850104,49.16061968411432,255.90815798551935,0.21942138671874797,neutral
hold,255.82009887695312,255.88999938964844,255.89739990234372,255.69859313964844,46889,255.82009887695312,2025-10-01 14:47:00+00:00,255.7503396275451,255.88125542973245,47.149427057486,255.87435379913245,0.19759259905133927,good
hold,255.6699981689453,255.83999633789065,255.8625946044922,255.66099548339844,40806,255.6699981689453,2025-10-01 14:48:00+00:00,255.7342713358252,255.86205022420637,43.54510661839007,255.8212695697187,0.18442099434988637,good
hold,255.80999755859372,255.66000366210935,255.82000732421875,255.58999633789065,32416,255.80999755859372,2025-10-01 14:49:00+00:00,255.7494165803789,255.8573181636961,47.57086540098263,255.78477386209437,0.19003622872488432,good
hold,255.6300048828125,255.80999755859372,255.80999755859372,255.6100006103516,51495,255.6300048828125,2025-10-01 14:50:00+00:00,255.7255342408656,255.83665331997943,43.29613561720359,255.7559258296214,0.19360678536550527,bad
hold,255.7449951171875,255.6300048828125,255.77999877929688,255.52999877929688,48963,255.7449951171875,2025-10-01 14:51:00+00:00,255.72942641613,255.82832075608923,46.59769008938826,255.7364070662377,0.19860730852398742,good
hold,255.7250061035156,255.75,255.8000030517578,255.67999267578125,36654,255.7250061035156,2025-10-01 14:52:00+00:00,255.7285423536072,255.8189285149462,46.09525825170282,255.72513938736495,0.1914727347237642,good
hold,255.69000244140625,255.72999572753903,255.76950073242188,255.6499938964844,39144,255.69000244140625,2025-10-01 14:53:00+00:00,255.720834371167,255.8072079628062,45.176643272334005,255.75422982409643,0.18786621093749187,good
hold,255.8000030517578,255.69000244140625,255.92999267578125,255.69000244140625,57994,255.8000030517578,2025-10-01 14:54:00+00:00,255.7366681072852,255.8065529708927,48.64053311933367,255.7501192604432,0.19250815255300324,bad
hold,255.8600006103516,255.8000030517578,255.94369506835935,255.8000030517578,39583,255.8600006103516,2025-10-01 14:55:00+00:00,255.7613346078985,255.81141184720715,50.47840911206784,255.741575634758,0.19170052664619522,bad
hold,255.7270050048828,255.8699951171875,255.8699951171875,255.6750030517578,33146,255.7270050048828,2025-10-01 14:56:00+00:00,255.75446868729537,255.8037384979049,46.50567039553717,255.73334570755208,0.19437190464563717,neutral
hold,255.7321929931641,255.7270050048828,255.818603515625,255.70199584960935,25799,255.7321929931641,2025-10-01 14:57:00+00:00,255.75001354846916,255.79723436111027,46.68195117839345,255.73052241249675,0.19020080566405642,neutral
hold,255.67999267578125,255.72000122070312,255.7550048828125,255.58099365234372,41308,255.67999267578125,2025-10-01 14:58:00+00:00,255.7360093739316,255.78657602608035,45.072536131656655,255.7252724926208,0.19370160784039772,bad
hold,255.52999877929688,255.689697265625,255.69000244140625,255.52999877929688,37925,255.52999877929688,2025-10-01 14:59:00+00:00,255.69480725500463,255.7632508218273,40.72751315929487,255.7118997131292,0.1951304844447504,good
hold,255.5500030517578,255.52999877929688,255.6100006103516,255.4900054931641,54491,255.5500030517578,2025-10-01 15:00:00+00:00,255.6658464143553,255.7438646609119,41.53697286979848,255.70000921059608,0.17655835832867897,bad
hold,255.5850067138672,255.5399932861328,255.63999938964844,255.52999877929688,39348,255.5850067138672,2025-10-01 15:01:00+00:00,255.6496784742577,255.7294230293624,43.00374883616075,255.69480999433745,0.17002977643693587,neutral
hold,255.5800018310547,255.5823974609375,255.61900329589844,255.52999877929688,39199,255.5800018310547,2025-10-01 15:02:00+00:00,255.63574314561717,255.71583928406167,42.83825593050376,255.6904717733034,0.16198730468749392,good
hold,255.42999267578125,255.5800018310547,255.6199951171875,255.41000366210935,49878,255.42999267578125,2025-10-01 15:03:00+00:00,255.59459305165,255.68985322876344,38.10496530798179,255.68074070123876,0.16055733816964082,good
hold,255.45489501953125,255.42999267578125,255.5800018310547,255.3800048828125,60921,255.45489501953125,2025-10-01 15:04:00+00:00,255.56665344522625,255.6684933915605,39.30391026284988,255.67059175432863,0.16055733816964488,good
hold,255.3112030029297,255.4600067138672,255.4698944091797,255.3000030517578,57359,255.3112030029297,2025-10-01 15:05:00+00:00,255.51556335676696,255.6360124471395,35.0811679758753,255.65247232102303,0.15483529227120738,good
hold,255.4250030517578,255.33990478515625,255.4600067138672,255.3101043701172,62347,255.4250030517578,2025-10-01 15:06:00+00:00,255.49745129576516,255.61682977483207,40.530549734668725,255.6200970128106,0.15697043282645293,good
hold,255.5249938964844,255.42930603027344,255.57960510253903,255.3699951171875,59686,255.5249938964844,2025-10-01 15:07:00+00:00,255.50295981590895,255.60848105861865,44.90656528775086,255.60352591571592,0.16340637207031453,bad
hold,255.44500732421875,255.5249938964844,255.6199951171875,255.30999755859372,74856,255.44500732421875,2025-10-01 15:08:00+00:00,255.49136931757096,255.59361981003684,42.22959598258527,255.58805817159129,0.1684068952287987,neutral
hold,255.3865966796875,255.44000244140625,255.47999572753903,255.3650054931641,37628,255.3865966796875,2025-10-01 15:09:00+00:00,255.4704147899943,255.57479952545964,40.33850282371165,255.5724682106043,0.16635676792689935,neutral
hold,255.3300018310547,255.375,255.4199981689453,255.3000030517578,27424,255.3300018310547,2025-10-01 15:10:00+00:00,255.4423321982064,255.5525451896046,38.53775857502884,255.562061435627,0.16099984305245738,good
hold,255.3500061035156,255.32000732421875,255.4936981201172,255.3000030517578,55329,255.3500061035156,2025-10-01 15:11:00+00:00,255.42386697926824,255.5341325454147,39.56471816467367,255.53981480268652,0.16650608607700892,good
hold,255.3249969482422,255.3500061035156,255.42999267578125,255.1999969482422,48172,255.3249969482422,2025-10-01 15:12:00+00:00,255.40409297306303,255.51512021839903,38.6942510849234,255.52161455391789,0.17050497872488637,good
hold,255.6000061035156,255.3500061035156,255.6352996826172,255.3211975097656,47832,255.6000061035156,2025-10-01 15:13:00+00:00,255.4432755991536,255.522837117046,51.36554907616328,255.51862394551728,0.18151201520647323,bad
hold,255.5500030517578,255.5800018310547,255.625,255.47999572753903,57346,255.5500030517578,2025-10-01 15:14:00+00:00,255.46462108967444,255.52530674747436,49.36754895715421,255.50333415473585,0.1832983834402922,neutral
hold,255.33999633789065,255.5384063720703,255.5800018310547,255.30999755859372,69670,255.33999633789065,2025-10-01 15:15:00+00:00,255.4396961393177,255.5084603466031,41.98163454928542,255.47730719650096,0.19472721644810673,good
hold,255.27999877929688,255.33999633789065,255.41000366210935,255.22000122070312,35311,255.27999877929688,2025-10-01 15:16:00+00:00,255.40775666731355,255.4876911132116,40.134227096192994,255.4617814368457,0.20194135393415383,bad
hold,255.38999938964844,255.27999877929688,255.41000366210935,255.27999877929688,39300,255.38999938964844,2025-10-01 15:17:00+00:00,255.40420521178052,255.47881004743317,44.91991273132988,255.45193808620192,0.19622802734374797,neutral
hold,255.3699951171875,255.38499450683597,255.46499633789065,255.3699951171875,40637,255.3699951171875,2025-10-01 15:18:00+00:00,255.39736319286197,255.4689177810472,44.227491728485965,255.43911922524737,0.18872833251953125,good
hold,255.4199981689453,255.3699951171875,255.5,255.36399841308597,36049,255.4199981689453,2025-10-01 15:19:00+00:00,255.40189018807865,255.46447054358333,46.44953743734432,255.43495325741156,0.18630763462611405,bad
hold,255.3999938964844,255.41000366210935,255.44000244140625,255.3500061035156,46739,255.3999938964844,2025-10-01 15:20:00+00:00,255.4015109297598,255.45860903021068,45.665686048670246,255.42693001356025,0.18202863420758927,bad
hold,255.4900054931641,255.41259765625,255.5,255.3694000244141,30572,255.4900054931641,2025-10-01 15:21:00+00:00,255.4192098424407,255.46146325411556,49.77293062979581,255.42253397109056,0.17638506208147323,bad
hold,255.22999572753903,255.4958038330078,255.50999450683597,255.2100067138672,71277,255.22999572753903,2025-10-01 15:22:00+00:00,255.3813670194604,255.4404207516995,40.29694527887159,255.4028022643743,0.17567007882254465,good
hold,255.4250030517578,255.2350006103516,255.4468994140625,255.2100067138672,46597,255.4250030517578,2025-10-01 15:23:00+00:00,255.39009422591985,255.43901914261383,48.25402467925125,255.40248216824943,0.18437739780971388,good
hold,255.22999572753903,255.4250030517578,255.4250030517578,255.22999572753903,21423,255.22999572753903,2025-10-01 15:24:00+00:00,255.3580745262437,255.42001701397064,42.19743837398856,255.3953482116481,0.18973541259766233,bad
hold,255.19500732421875,255.2700042724609,255.30999755859372,255.17999267578125,33506,255.19500732421875,2025-10-01 15:25:00+00:00,255.32546108583875,255.3995615876296,41.19828672759559,255.3933453075975,0.18518611363002638,bad
hold,255.2075958251953,255.21499633789065,255.22999572753903,255.1000061035156,35649,255.2075958251953,2025-10-01 15:26:00+00:00,255.30188803371004,255.38211015468104,41.732855558332304,255.38395129613164,0.17804282052176745,bad
hold,255.1699981689453,255.21499633789065,255.22999572753903,255.1150054931641,32411,255.1699981689453,2025-10-01 15:27:00+00:00,255.27551006075709,255.36282724688687,40.54723337206605,255.36665691829305,0.1638205392020069,bad
hold,255.47659301757807,255.17999267578125,255.47659301757807,255.17999267578125,48571,255.47659301757807,2025-10-01 15:28:00+00:00,255.31572665212133,255.373169589677,52.41845732215658,255.36604713713797,0.1753627232142776,neutral
hold,255.5245056152344,255.47000122070312,255.5449981689453,255.38999938964844,34263,255.5245056152344,2025-10-01 15:29:00+00:00,255.357482444744,255.38692741018215,53.96541078186187,255.37147324600912,0.16714804513112824,good
buy,255.75,255.5301055908203,255.7899932861328,255.52040100097656,86616,255.75,2025-10-01 15:30:00+00:00,255.4359859557952,255.4199340092565,60.47793118733055,255.4084566700908,0.172833033970416,good
sell,255.6800994873047,255.75489807128903,255.82969665527344,255.6699981689453,45214,255.6800994873047,2025-10-01 15:31:00+00:00,255.48480866209712,255.4435854163518,57.75052348203802,255.4255607699806,0.17495400565010552,good
hold,255.7100982666016,255.69000244140625,255.72999572753903,255.6199951171875,47079,255.7100982666016,2025-10-01 15:32:00+00:00,255.52986658299804,255.4678138572836,58.61315118698616,255.4456919544075,0.17602539062498984,good
hold,255.6100006103516,255.6999969482422,255.6999969482422,255.55999755859372,33006,255.6100006103516,2025-10-01 15:33:00+00:00,255.5458933884688,255.48073992574436,54.6067588268606,255.44349502465815,0.17703247070312095,bad
hold,255.5659942626953,255.6100006103516,255.6300048828125,255.51499938964844,36729,255.5659942626953,2025-10-01 15:34:00+00:00,255.54991356331408,255.48849032001257,52.894974978097785,255.4416474486138,0.17881883893693587,bad
hold,255.69000244140625,255.5449981689453,255.75,255.50999450683597,35562,255.69000244140625,2025-10-01 15:35:00+00:00,255.57793133893253,255.5068096037756,56.98685946022545,255.4606717449324,0.1866335187639448,good
hold,255.75999450683597,255.6999969482422,255.7949981689453,255.67999267578125,28624,255.75999450683597,2025-10-01 15:36:00+00:00,255.61434397251324,255.52982641314472,59.14407876061024,255.47868467035548,0.17342049734932224,good
hold,255.7899932861328,255.75999450683597,255.8600006103516,255.75999450683597,27615,255.7899932861328,2025-10-01 15:37:00+00:00,255.6494738352372,255.55347794705276,60.06845487756136,255.4934524774842,0.16364288330077312,good
hold,255.82000732421875,255.80999755859372,255.8600006103516,255.7610015869141,26971,255.82000732421875,2025-10-01 15:38:00+00:00,255.68358053303348,255.57770789043147,61.018742522735145,255.5106369541809,0.15678514753068182,neutral
hold,255.8300018310547,255.8300018310547,255.85699462890625,255.78500366210935,27990,255.8300018310547,2025-10-01 15:39:00+00:00,255.71286479263773,255.60064370321535,61.3485996138154,255.52596373205355,0.15264129638671267,good
hold,255.7700042724609,255.83999633789065,255.88999938964844,255.75999450683597,42652,255.7700042724609,2025-10-01 15:40:00+00:00,255.7242926886024,255.6160401186013,58.16659702130436,255.5465316557443,0.1526423863002151,bad
hold,255.72999572753903,255.8000030517578,255.87130737304688,255.72999572753903,37330,255.72999572753903,2025-10-01 15:41:00+00:00,255.72543329638967,255.62639971941385,56.0778256654283,255.55726497152736,0.15452248709542207,bad
hold,255.7400054931641,255.72000122070312,255.8070068359375,255.69000244140625,21008,255.7400054931641,2025-10-01 15:42:00+00:00,255.72834773574465,255.63672751702748,56.498721956238015,255.59354328660385,0.14098031180245738,bad
hold,255.7400054931641,255.7700042724609,255.7700042724609,255.69000244140625,14312,255.7400054931641,2025-10-01 15:43:00+00:00,255.73067928722853,255.646116423949,56.498721956238015,255.60742912884007,0.1356233869280134,good
hold,255.7949981689453,255.7400054931641,255.82000732421875,255.7100067138672,19667,255.7949981689453,2025-10-01 15:44:00+00:00,255.7435430635719,255.6596511280396,59.00197369518546,255.6239023911504,0.12422398158482142,neutral
hold,256.0199890136719,255.7949981689453,256.0400085449219,255.7949981689453,82161,256.0199890136719,2025-10-01 15:45:00+00:00,255.7988322535919,255.69240911764248,67.29421246960696,255.68535325253336,0.13031768798828125,bad
hold,255.9467010498047,256.0150146484375,256.0400085449219,255.9250030517578,34581,255.9467010498047,2025-10-01 15:46:00+00:00,255.82840601283448,255.71552656602088,62.835912665116176,255.719548612093,0.13067517961774758,bad
hold,255.8999938964844,255.94129943847656,255.9698028564453,255.83999633789065,28203,255.8999938964844,2025-10-01 15:47:00+00:00,255.84272358956449,255.73229632333573,60.10301578248979,255.74975431933527,0.12922559465680397,bad
hold,255.77999877929688,255.8999938964844,255.9199066162109,255.75,29528,255.77999877929688,2025-10-01 15:48:00+00:00,255.83017862751095,255.73663291024127,53.64751701400891,255.76891352005265,0.13314710344586445,neutral
hold,255.68499755859372,255.77999877929688,255.77999877929688,255.6199951171875,36070,255.68499755859372,2025-10-01 15:49:00+00:00,255.80114241372755,255.7319387873642,49.14682495055283,255.77613064706665,0.12743268694196022,neutral
hold,255.6649932861328,255.6855926513672,255.72000122070312,255.6186981201172,32152,255.6649932861328,2025-10-01 15:50:00+00:00,255.7739125882086,255.7258528327068,48.2292979106466,255.77422235269813,0.1264539446149513,bad
hold,255.55499267578125,255.66000366210935,255.7899932861328,255.5500030517578,48986,255.55499267578125,2025-10-01 15:51:00+00:00,255.73012860572317,255.7103200911681,43.42808363738901,255.7648290326587,0.13645281110490665,bad
hold,255.625,255.55499267578125,255.63499450683597,255.55499267578125,32412,255.625,2025-10-01 15:52:00+00:00,255.70910288457853,255.70256371924376,47.041429002745055,255.76193443889068,0.13509586879185065,bad
hold,255.69000244140625,255.6201019287109,255.72999572753903,255.55999755859372,34501,255.69000244140625,2025-10-01 15:53:00+00:00,255.70528279594407,255.70142178489488,50.220704770315365,255.76567565022617,0.14209638323102272,bad
hold,255.7899932861328,255.6699981689453,255.7899932861328,255.6499938964844,28647,255.7899932861328,2025-10-01 15:54:00+00:00,255.72222489398183,255.7094737395529,54.72347967063455,255.77768022590115,0.14281027657644682,bad
hold,255.9149932861328,255.7899932861328,255.94000244140625,255.72000122070312,43352,255.9149932861328,2025-10-01 15:55:00+00:00,255.76077857241205,255.72815733469648,59.6385800194203,255.79108345060845,0.14843096051896712,bad
hold,256.0000915527344,255.9199981689453,256.0299987792969,255.91000366210935,67384,256.0000915527344,2025-10-01 15:56:00+00:00,255.80864116847653,255.75287862724537,62.61409809627061,255.81201039887867,0.14864458356584415,bad
hold,256.0046081542969,256.0169982910156,256.0799865722656,255.9886932373047,43688,256.0046081542969,2025-10-01 15:57:00+00:00,255.8478345656406,255.7757631297046,62.77097304298264,255.8243426500657,0.14945111955914975,bad
hold,256.0050048828125,255.9949951171875,256.0412902832031,255.94000244140625,30933,256.0050048828125,2025-10-01 15:58:00+00:00,255.879268629075,255.7966032890781,62.7857444336823,255.8320991569292,0.14882877894810065,bad
hold,256.1000061035156,256.0132141113281,256.1199951171875,256.0132141113281,33449,256.1000061035156,2025-10-01 15:59:00+00:00,255.92341612396316,255.82418536311783,66.24005861528155,255.8442715305454,0.13954162597656047,bad
hold,256.239990234375,256.1000061035156,256.2699890136719,256.0899963378906,58047,256.239990234375,2025-10-01 16:00:00+00:00,255.98673094604555,255.8619858059594,70.57430444473658,255.8788267269836,0.14418356759207387,neutral
hold,256.4200134277344,256.2300109863281,256.44000244140625,256.2300109863281,53255,256.4200134277344,2025-10-01 16:01:00+00:00,256.0733874423833,255.9127155897571,75.0165156485027,255.92333683522372,0.14991106305803573,good
hold,256.4100036621094,256.42498779296875,256.4700012207031,256.3876037597656,35931,256.4100036621094,2025-10-01 16:02:00+00:00,256.14071068632853,255.95792359633455,74.34446617673203,255.95044081319136,0.14366040910993508,neutral
hold,256.3299865722656,256.4100036621094,256.4100036621094,256.32000732421875,37914,256.3299865722656,2025-10-01 16:03:00+00:00,256.1785658635159,255.9917475032374,69.021288692764,255.9719017642172,0.13865988595145293,bad
hold,256.3599853515625,256.3240966796875,256.3999938964844,256.2699890136719,29151,256.3599853515625,2025-10-01 16:04:00+00:00,256.21484976112527,256.025223671267,69.89167959329745,255.98993343097072,0.14071001325335025,neutral
hold,256.3399963378906,256.3550109863281,256.389892578125,256.3085021972656,29806,256.3399963378906,2025-10-01 16:05:00+00:00,256.2398790764784,256.0538393682328,68.5104050892003,256.0003041106324,0.12938145228794845,bad
hold,256.3599853515625,256.3399963378906,256.3818054199219,256.3099975585937,36059,256.3599853515625,2025-10-01 16:06:00+00:00,256.2639003314952,256.0816708212628,69.16664107228488,256.01956858077693,0.12879616873605318,bad
hold,256.5199890136719,256.3599853515625,256.5299987792969,256.3500061035156,61226,256.5199890136719,2025-10-01 16:07:00+00:00,256.31511806793054,256.1215179296636,73.86218114507275,256.0619504968925,0.12951006208147728,bad
hold,256.5199890136719,256.5199890136719,256.5599975585937,256.489990234375,53146,256.5199890136719,2025-10-01 16:08:00+00:00,256.35609225707884,256.15774257366434,73.86218114507275,256.10149538180474,0.12451062883649756,bad
hold,256.489990234375,256.5400085449219,256.54998779296875,256.42999267578125,36062,256.489990234375,2025-10-01 16:09:00+00:00,256.3828718525381,256.1879469064562,71.49472607235771,256.1366399680679,0.11736733572823864,bad
hold,256.5400085449219,256.4599914550781,256.6400146484375,256.45001220703125,41214,256.5400085449219,2025-10-01 16:10:00+00:00,256.41429919101483,256.2199525099531,73.04601509011017,256.1747029768986,0.12236785888671875,neutral
hold,256.6300048828125,256.54998779296875,256.69500732421875,256.5343933105469,66750,256.6300048828125,2025-10-01 16:11:00+00:00,256.4574403293744,256.25722999839485,75.61719072023129,256.2459265763746,0.1273193359375,neutral
hold,256.7130126953125,256.6199951171875,256.7200012207031,256.5201110839844,64500,256.7130126953125,2025-10-01 16:12:00+00:00,256.508554802562,256.2986647890237,77.72754632192485,256.3027081302069,0.13436235700334823,bad
hold,256.8890075683594,256.7099914550781,256.9200134277344,256.69000244140625,45102,256.8890075683594,2025-10-01 16:13:00+00:00,256.5846453557215,256.3523323144178,81.40278495841419,256.3558360736882,0.142578125,bad
hold,256.6400146484375,256.8699951171875,256.8699951171875,256.6199951171875,44243,256.6400146484375,2025-10-01 16:14:00+00:00,256.5957192142647,256.37848525387415,65.04865437474297,256.3874232466158,0.14893668038504465,bad
hold,256.42999267578125,256.6400146484375,256.6400146484375,256.42999267578125,43375,256.42999267578125,2025-10-01 16:15:00+00:00,256.56257390656805,256.3831677467748,55.00967238863862,256.41192541415427,0.14893886021205358,bad
hold,256.510009765625,256.44000244140625,256.5199890136719,256.44000244140625,37301,256.510009765625,2025-10-01 16:16:00+00:00,256.55206107837944,256.3946988393975,57.68889284265255,256.44757154253176,0.14948163713727677,bad
hold,256.45001220703125,256.5199890136719,256.54998779296875,256.44000244140625,39480,256.45001220703125,2025-10-01 16:17:00+00:00,256.5316513041098,256.3997273273642,55.04210088728788,256.46974917524227,0.150909423828125,bad
hold,256.3699951171875,256.42999267578125,256.44500732421875,256.3399963378906,26099,256.3699951171875,2025-10-01 16:18:00+00:00,256.4993200667254,256.3970243991663,51.6392612737176,256.48324799309387,0.14948163713727677,bad
hold,256.20001220703125,256.3699951171875,256.3699951171875,256.20001220703125,49143,256.20001220703125,2025-10-01 16:19:00+00:00,256.4394584947865,256.37911419988126,45.24069158452976,256.4820089828281,0.15580967494419642,neutral
hold,255.9499969482422,256.20001220703125,256.2099914550781,255.9499969482422,46940,255.9499969482422,2025-10-01 16:20:00+00:00,256.3415661854777,256.34010354064134,37.81820054030313,256.46954836917024,0.1692515781947504,bad
hold,256.0400085449219,255.9600067138672,256.1300048828125,255.9499969482422,37596,256.0400085449219,2025-10-01 16:21:00+00:00,256.28125465736656,256.3128221773941,41.53712413503021,256.4538568480919,0.16925266810825487,bad
hold,255.9949951171875,256.0299987792969,256.06988525390625,255.93760681152344,23292,255.9949951171875,2025-10-01 16:22:00+00:00,256.2240027493308,256.2839288082844,40.24098716219847,256.4431164787483,0.17370060511997767,bad
hold,255.9850006103516,256.0,256.0299987792969,255.9600067138672,27592,255.9850006103516,2025-10-01 16:23:00+00:00,256.17620232153496,256.2567535175632,39.94295806544768,256.4331518504786,0.17012895856584823,bad
hold,256.06500244140625,255.9900054931641,256.1000061035156,255.960205078125,24016,256.06500244140625,2025-10-01 16:24:00+00:00,256.1539623455092,256.2393216015489,43.54708168970382,256.42509774875435,0.16654314313616073,neutral
hold,256.23590087890625,256.0799865722656,256.23590087890625,256.0599975585937,35273,256.23590087890625,2025-10-01 16:25:00+00:00,256.17035005218867,256.2390106267632,50.39535294205397,256.4201633926848,0.16763523646763798,good
hold,256.2099914550781,256.2439880371094,256.2760009765625,256.2099914550781,32468,256.2099914550781,2025-10-01 16:26:00+00:00,256.1782783327666,256.2363725202464,49.41660290839064,256.41458864167873,0.15807233537946835,neutral
hold,256.20001220703125,256.2099914550781,256.2699890136719,256.1099853515625,42117,256.20001220703125,2025-10-01 16:27:00+00:00,256.1826251076195,256.2330670372268,49.02169631943256,256.395598341371,0.1530718122209862,neutral
hold,256.1700134277344,256.17999267578125,256.260009765625,256.1200866699219,26205,256.1700134277344,2025-10-01 16:28:00+00:00,256.1801027716425,256.22733489090933,47.78544275772121,256.3797225460396,0.14385114397321835,good
hold,256.1600036621094,256.1700134277344,256.2130126953125,256.1499938964844,19017,256.1600036621094,2025-10-01 16:29:00+00:00,256.1760829497359,256.2212138701093,47.35629979900274,256.3691554547485,0.13335091727120943,neutral
hold,256.29998779296875,256.1636047363281,256.3099975585937,256.1499938964844,30870,256.29998779296875,2025-10-01 16:30:00+00:00,256.2008639183825,256.22837513582385,53.62820981388058,256.35710265978366,0.1383514404296875,bad
hold,256.3629150390625,256.29998779296875,256.389892578125,256.2900085449219,30839,256.3629150390625,2025-10-01 16:31:00+00:00,256.2332741425185,256.24060603611827,56.15692007555767,256.33224012219057,0.13762991768973215,neutral
hold,256.2900085449219,256.3599853515625,256.3599853515625,256.19000244140625,61256,256.2900085449219,2025-10-01 16:32:00+00:00,256.2446210229992,256.2450971732822,52.57946997456739,256.294652381457,0.14212254115513392,bad
hold,256.1199951171875,256.2900085449219,256.2900085449219,256.1099853515625,39092,256.1199951171875,2025-10-01 16:33:00+00:00,256.2196958418368,256.2337242590918,45.32782006697301,256.24769112488497,0.14283970424107142,bad
hold,256.07000732421875,256.1127014160156,256.2099914550781,256.0599975585937,27565,256.07000732421875,2025-10-01 16:34:00+00:00,256.1897581383132,256.21884090137604,43.43116846841659,256.21587657407144,0.13498251778739245,bad
hold,256.0599975585937,256.0700988769531,256.1000061035156,256.0299987792969,21685,256.0599975585937,2025-10-01 16:35:00+00:00,256.16380602236933,256.2044005974867,43.042778808547695,256.19718866802447,0.12712533133370943,bad
hold,256.2749938964844,256.07000732421875,256.29998779296875,256.07000732421875,39870,256.2749938964844,2025-10-01 16:36:00+00:00,256.18604359719234,256.2108181701228,52.80509926185663,256.18459863796505,0.13481903076172688,bad
buy,256.489990234375,256.2796936035156,256.489990234375,256.2796936035156,40537,256.489990234375,2025-10-01 16:37:00+00:00,256.2468329246289,256.2361974486912,60.15902025502351,256.1873883805178,0.14517647879465098,bad
sell,256.44500732421875,256.489990234375,256.510009765625,256.3949890136719,54296,256.44500732421875,2025-10-01 16:38:00+00:00,256.2864678045469,256.25518016464827,58.1185066317751,256.2003829243782,0.14340645926340098,good
hold,256.4800109863281,256.4551086425781,256.5,256.3800048828125,35474,256.4800109863281,2025-10-01 16:39:00+00:00,256.32517644090314,256.2756193302555,59.27605514714146,256.2146612922405,0.13941301618303978,bad
hold,256.53289794921875,256.4649963378906,256.6300048828125,256.4649963378906,34014,256.53289794921875,2025-10-01 16:40:00+00:00,256.36672074256626,256.2990082956158,61.02865305100592,256.24869544660413,0.14648437500000405,bad
hold,256.4200134277344,256.5199890136719,256.54998779296875,256.3999938964844,28359,256.4200134277344,2025-10-01 16:41:00+00:00,256.3773792795999,256.310008762172,55.53490276476569,256.2675489666431,0.14576939174107548,neutral
hold,256.27099609375,256.42999267578125,256.45001220703125,256.27099609375,27126,256.27099609375,2025-10-01 16:42:00+00:00,256.3561026424299,256.3064621559518,49.23419871678212,256.27705480506825,0.14856175013951298,bad
hold,256.3500061035156,256.2799987792969,256.4599914550781,256.2799987792969,29962,256.3500061035156,2025-10-01 16:43:00+00:00,256.35488333464707,256.3104206966394,52.32281315127544,256.292118788188,0.15756007603237013,neutral
hold,256.260009765625,256.3500061035156,256.3500061035156,256.25,24283,256.260009765625,2025-10-01 16:44:00+00:00,256.33590862084264,256.30583788472904,48.68909250258523,256.2989902681491,0.15327453613282063,bad
hold,256.1499938964844,256.25,256.260009765625,256.1199951171875,28864,256.1499938964844,2025-10-01 16:45:00+00:00,256.298725675971,256.29167024943405,44.61047930517395,256.29591075735453,0.15614100864956168,bad
hold,256.2950134277344,256.1451110839844,256.29998779296875,256.1400146484375,29051,256.2950134277344,2025-10-01 16:46:00+00:00,256.2979832263237,256.2919741747341,50.4971154489404,256.3000325079512,0.15521676199777598,bad
hold,256.5299987792969,256.2799987792969,256.5400085449219,256.260009765625,32742,256.5299987792969,2025-10-01 16:47:00+00:00,256.3443863369183,256.3136127751489,58.24144798798002,256.3177937942032,0.16235787527902598,neutral
hold,256.44000244140625,256.5400085449219,256.5599975585937,256.4200134277344,27280,256.44000244140625,2025-10-01 16:48:00+00:00,256.3635095578159,256.32510274480865,54.71125158850059,256.3286766578253,0.16164289202008927,good
hold,256.42498779296875,256.45001220703125,256.4549865722656,256.3999938964844,14209,256.42498779296875,2025-10-01 16:49:00+00:00,256.37580520484653,256.33418320373227,54.121845906933856,256.3356378994911,0.16057041713169642,good
hold,256.5,256.42498779296875,256.5199890136719,256.4100952148437,26801,256.5,2025-10-01 16:50:00+00:00,256.40064416387725,256.34925745793845,56.63532470391696,256.3440651845173,0.15127781459263392,neutral
hold,256.4750061035156,256.510009765625,256.5400085449219,256.42999267578125,30401,256.4750061035156,2025-10-01 16:51:00+00:00,256.41551655180496,256.3606891529909,55.54341043997758,256.3492721014149,0.14377920968191965,neutral
hold,256.44000244140625,256.4700012207031,256.56500244140625,256.42999267578125,23940,256.44000244140625,2025-10-01 16:52:00+00:00,256.4204137297252,256.3678994519378,53.97395290357214,256.35869834352303,0.14520699637276785,good
hold,256.3800048828125,256.45001220703125,256.4599914550781,256.3699951171875,21178,256.3800048828125,2025-10-01 16:53:00+00:00,256.4123319603427,256.3689999456536,51.29832924799054,256.3750671701067,0.14306422642299108,good
hold,256.4049987792969,256.375,256.4175109863281,256.29010009765625,16568,256.4049987792969,2025-10-01 16:54:00+00:00,256.4108653241336,256.3722725668939,52.35786851428058,256.3902466354568,0.14037867954799108,good
hold,256.3800048828125,256.3901062011719,256.42999267578125,256.3500061035156,26538,256.3800048828125,2025-10-01 16:55:00+00:00,256.40469323586933,256.3729755047047,51.15924712355383,256.4018945427018,0.13537815638950892,bad
hold,256.3699951171875,256.375,256.4100036621094,256.35009765625,13195,256.3699951171875,2025-10-01 16:56:00+00:00,256.397753612133,256.37270456038493,50.65906078610573,256.41010712772044,0.12687029157366073,bad
hold,256.3999938964844,256.3699951171875,256.44000244140625,256.3399963378906,21237,256.3999938964844,2025-10-01 16:57:00+00:00,256.39820166900324,256.37518540912123,52.16840030569146,256.40377737107406,0.120513916015625,bad
hold,256.44000244140625,256.3999938964844,256.44989013671875,256.38299560546875,22060,256.44000244140625,2025-10-01 16:58:00+00:00,256.40656182348386,256.3810778666017,54.18145103764176,256.4009728766939,0.1181488037109375,bad
hold,256.45318603515625,256.44000244140625,256.4986877441406,256.4349975585937,34661,256.45318603515625,2025-10-01 16:59:00+00:00,256.41588666581833,256.38763315465206,54.85568193356892,256.39903317377394,0.1126970563616112,bad
hold,256.6466064453125,256.4599914550781,256.6492919921875,256.4599914550781,48827,256.6466064453125,2025-10-01 17:00:00+00:00,256.4620306217172,256.41117618107575,63.37171079166737,256.4133234087098,0.11527797154018263,bad
hold,256.79400634765625,256.6401062011719,256.79998779296875,256.610107421875,55380,256.79400634765625,2025-10-01 17:01:00+00:00,256.528425766905,256.44597892349213,68.28212071266859,256.4510148859512,0.10884094238281657,bad
hold,256.7900085449219,256.7850036621094,256.8298034667969,256.7300109863281,39058,256.7900085449219,2025-10-01 17:02:00+00:00,256.5807423225084,256.4772543436221,68.01579094210761,256.48302209866205,0.1059701102120617,bad
hold,256.7099914550781,256.7950134277344,256.8016052246094,256.69500732421875,19540,256.7099914550781,2025-10-01 17:03:00+00:00,256.60659214902233,256.49841226284536,62.7409442757661,256.4981718099335,0.1096561976841599,neutral
hold,256.6000061035156,256.7099914550781,256.75,256.58770751953125,24468,256.6000061035156,2025-10-01 17:04:00+00:00,256.605274939921,256.5076480665427,56.280067275307466,256.5130549037887,0.1133989606584862,neutral
hold,256.510009765625,256.598388671875,256.6000061035156,256.489990234375,45503,256.510009765625,2025-10-01 17:05:00+00:00,256.58622190506185,256.50786276645925,51.59789804953565,256.5311131675631,0.1133989606584862,bad
hold,256.5350036621094,256.510009765625,256.5799865722656,256.510009765625,19860,256.5350036621094,2025-10-01 17:06:00+00:00,256.5759782564714,256.51033012060924,52.77300296350082,256.5434234843698,0.10875374930245942,bad
hold,256.6099853515625,256.5299987792969,256.6499938964844,256.5299987792969,31391,256.6099853515625,2025-10-01 17:07:00+00:00,256.58277967548963,256.5193896870595,56.20790298382644,256.5479227154011,0.1108965192522362,bad
hold,256.6199951171875,256.6099853515625,256.6400146484375,256.5599975585937,19593,256.6199951171875,2025-10-01 17:08:00+00:00,256.5902227638292,256.528535635253,56.6610669353521,256.5557800689075,0.1075112479073742,bad
hold,256.5400085449219,256.614013671875,256.6499938964844,256.510009765625,30884,256.5400085449219,2025-10-01 17:09:00+00:00,256.5801799200478,256.5295786270411,52.02794092676293,256.55818136557025,0.11179678780692777,bad
hold,256.37310791015625,256.5150146484375,256.5299987792969,256.37310791015625,35089,256.37310791015625,2025-10-01 17:10:00+00:00,256.5387655180695,256.5153540164152,43.95199280117213,256.5496639843096,0.11943926130023133,bad
hold,256.3786926269531,256.37701416015625,256.42999267578125,256.3299865722656,34675,256.3786926269531,2025-10-01 17:11:00+00:00,256.50675093984626,256.5029302537368,44.26375427375292,256.54339517778794,0.11943926130023133,bad
hold,256.3900146484375,256.385009765625,256.44000244140625,256.3550109863281,28546,256.3900146484375,2025-10-01 17:12:00+00:00,256.48340368156454,256.4926651987096,44.93250625668961,256.5401598607517,0.12073189871652598,bad
hold,256.2051086425781,256.3883972167969,256.3883972167969,256.20001220703125,31785,256.2051086425781,2025-10-01 17:13:00+00:00,256.4277446737673,256.4665236936067,37.10279534070134,256.5280403919514,0.12975420270647728,bad
hold,256.0400085449219,256.19000244140625,256.2098999023437,256.0249938964844,31910,256.0400085449219,2025-10-01 17:14:00+00:00,256.3501974479982,256.4277495891808,31.77810794547895,256.506004340502,0.12895420619419642,good
hold,256.0199890136719,256.0400085449219,256.0799865722656,255.9949951171875,53138,256.0199890136719,2025-10-01 17:15:00+00:00,256.2841557611329,256.3906804459527,31.193528889370384,256.4709199010061,0.12146214076450892,bad
hold,256.125,256.010009765625,256.1612854003906,255.9830017089844,47539,256.125,2025-10-01 17:16:00+00:00,256.25232460890635,256.3665276781388,37.67053263265847,256.4485350710269,0.12706865583147117,neutral
hold,256.215087890625,256.1300048828125,256.2200012207031,256.1011962890625,25069,256.215087890625,2025-10-01 17:17:00+00:00,256.2448772652501,256.35276042472844,42.65751398845685,256.44143405649663,0.12794058663504262,neutral
hold,256.05499267578125,256.2099914550781,256.2300109863281,256.0282897949219,27905,256.05499267578125,2025-10-01 17:18:00+00:00,256.2069003473564,256.3256906293696,36.99302438387286,256.4257335080322,0.13075692313057832,good
hold,256.0950012207031,256.04998779296875,256.15008544921875,256.04998779296875,16741,256.0950012207031,2025-10-01 17:19:00+00:00,256.18452052202576,256.30471886494536,39.167042999128775,256.4160044459003,0.13004847935267655,good
hold,256.17999267578125,256.0950012207031,256.2200012207031,256.0950012207031,22991,256.17999267578125,2025-10-01 17:20:00+00:00,256.1836149527769,256.2933801204759,43.61770454289749,256.389976273356,0.13397870744977475,bad
hold,256.2099914550781,256.17498779296875,256.2099914550781,256.1376953125,20757,256.2099914550781,2025-10-01 17:21:00+00:00,256.1888902532372,256.28579933271243,45.14326218246765,256.3469200035268,0.1305716378348194,bad
hold,256.1300048828125,256.20001220703125,256.2099914550781,256.1000061035156,21609,256.1300048828125,2025-10-01 17:22:00+00:00,256.17711317915223,256.27163620090334,41.888780917088695,256.30957920135546,0.1327122279575832,bad
hold,256.0599060058594,256.1300048828125,256.1600036621094,256.0523986816406,25360,256.0599060058594,2025-10-01 17:23:00+00:00,256.15367174449364,256.2523880013539,39.2202177075536,256.2857805155911,0.13039943150110997,good
hold,256.0299987792969,256.04998779296875,256.1199951171875,256.02099609375,25125,256.0299987792969,2025-10-01 17:24:00+00:00,256.1289371514543,256.2321707993487,38.1048706434076,256.2620765711276,0.12554931640624392,neutral
hold,255.9900054931641,256.010009765625,256.03680419921875,255.96499633789065,26176,255.9900054931641,2025-10-01 17:25:00+00:00,256.10115081979626,256.2101557715137,36.60572219095668,256.2301340903789,0.12353515624999188,neutral
hold,255.88999938964844,255.9850006103516,256.0,255.87030029296875,41320,255.88999938964844,2025-10-01 17:26:00+00:00,256.0589205337667,256.1810506458896,33.09898715110438,256.196484534522,0.12672860281807224,bad
hold,255.9288024902344,255.8699951171875,255.94000244140625,255.85499572753903,36719,255.9288024902344,2025-10-01 17:27:00+00:00,256.03289692506024,256.15811899537545,35.67391862520505,256.15865396828485,0.11922890799385552,bad
hold,256.0455017089844,255.9149932861328,256.1213073730469,255.91000366210935,29419,256.0455017089844,2025-10-01 17:28:00+00:00,256.0354178818451,256.147881060249,42.80385922648932,256.1384699745536,0.12111445835658483,neutral
hold,256.1404113769531,256.0570068359375,256.1849975585937,256.0570068359375,16357,256.1404113769531,2025-10-01 17:29:00+00:00,256.0564165808667,256.1472019981312,47.86507399141351,256.1177933757735,0.1250076293945272,neutral
hold,256.1099853515625,256.1650085449219,256.1918029785156,256.0799865722656,16013,256.1099853515625,2025-10-01 17:30:00+00:00,256.06713033500586,256.1438186666249,46.44615608352717,256.1021088400737,0.12025996616908279,good
hold,256.1700134277344,256.11968994140625,256.17999267578125,256.072998046875,38036,256.1700134277344,2025-10-01 17:31:00+00:00,256.0877069535516,256.146200008544,49.61934706935167,256.0900787225424,0.11941637311662744,neutral
hold,256.1499938964844,256.1791076660156,256.2200012207031,256.1400146484375,21787,256.1499938964844,2025-10-01 17:32:00+00:00,256.10016434213816,256.14654490744766,48.58540652192577,256.0774751212843,0.11072104317801136,bad
hold,256.1400146484375,256.1499938964844,256.2200012207031,256.1300048828125,45188,256.1400146484375,2025-10-01 17:33:00+00:00,256.108134403398,256.14595124753765,48.0479443161846,256.0753860497072,0.10999952043805601,bad
hold,256.0683898925781,256.1400146484375,256.1841125488281,256.0599975585937,20350,256.0683898925781,2025-10-01 17:34:00+00:00,256.1001855012341,256.1389002152686,44.26321306929034,256.07709402423643,0.10993630545480114,bad
hold,256.1300048828125,256.0880126953125,256.1600036621094,256.0783996582031,7991450,256.1300048828125,2025-10-01 17:35:00+00:00,256.1061493775498,256.1380915486817,48.05392583795746,256.1271026406744,0.11131613595145293,bad
hold,256.25,256.1698913574219,256.2550048828125,256.1099853515625,41114,256.25,2025-10-01 17:36:00+00:00,256.13491950203985,256.1482650442561,54.5385407982145,256.1277081718976,0.11381857735770293,bad
buy,256.29998779296875,256.239990234375,256.32000732421875,256.2300109863281,42977,256.29998779296875,2025-10-01 17:37:00+00:00,256.16793316022563,256.1620580214118,56.94952561675364,256.1283195590466,0.11256081717355114,good
sell,256.30499267578125,256.29998779296875,256.3299865722656,256.2698974609375,26913,256.30499267578125,2025-10-01 17:38:00+00:00,256.1953450633368,256.1750520808999,57.194300771575406,256.1291171979884,0.10978153773716721,good
hold,256.3399963378906,256.3110046386719,256.4599914550781,256.3099975585937,57401,256.3399963378906,2025-10-01 17:39:00+00:00,256.2242753182476,256.1900470133536,58.95215946159374,256.13059679613826,0.11572374616350853,good
hold,256.4150085449219,256.364990234375,256.45001220703125,256.364990234375,37877,256.4150085449219,2025-10-01 17:40:00+00:00,256.2624219635824,256.210498061678,62.50562140759656,256.1317197350258,0.11431775774274959,good
hold,256.3999938964844,256.4198913574219,256.5,256.3900146484375,56160,256.3999938964844,2025-10-01 17:41:00+00:00,256.28993635016286,256.2277249557513,61.360586403523214,256.1332795636569,0.1161019461495556,good
hold,256.3099975585937,256.4100036621094,256.4169921875,256.2901916503906,30378,256.3099975585937,2025-10-01 17:42:00+00:00,256.293948591849,256.2352042832824,54.872070315371325,256.13391010228014,0.11006600516183036,neutral
hold,256.3099975585937,256.2900085449219,256.32000732421875,256.2650146484375,45624,256.3099975585937,2025-10-01 17:43:00+00:00,256.297158385198,256.2420036719471,54.872070315371325,256.1350563106826,0.1040300641741112,good
hold,256.3599853515625,256.42999267578125,256.4397888183594,256.32000732421875,25700,256.3599853515625,2025-10-01 17:44:00+00:00,256.3097237784709,256.25272927918485,57.75006769061116,256.1360300919654,0.1053139822823742,good
hold,256.3900146484375,256.3699951171875,256.4100036621094,256.30499267578125,28284,256.3900146484375,2025-10-01 17:45:00+00:00,256.32578195246424,256.2652097672987,59.42415624585971,256.13730260368175,0.10517229352679383,neutral
hold,256.3599853515625,256.3800048828125,256.3999938964844,256.32000732421875,33894,256.3599853515625,2025-10-01 17:46:00+00:00,256.3326226322839,256.2738257295045,56.99221741154177,256.13935848379305,0.10517229352679383,good
hold,256.239990234375,256.3299865722656,256.3500061035156,256.239990234375,52916,256.239990234375,2025-10-01 17:47:00+00:00,256.3140961527021,256.2707497754018,48.45809187630133,256.1408665317885,0.10731506347657062,bad
hold,256.2608947753906,256.2149963378906,256.3099975585937,256.2149963378906,21104,256.2608947753906,2025-10-01 17:48:00+00:00,256.30345587723986,256.26985386630986,49.86651489516316,256.1414837466078,0.10523550851004464,neutral
hold,256.31500244140625,256.2900085449219,256.31500244140625,256.2651062011719,27742,256.31500244140625,2025-10-01 17:49:00+00:00,256.30576519007315,256.27395828222774,53.414837395755626,256.14204157453776,0.10255650111607142,neutral
hold,256.3099975585937,256.30010986328125,256.3599853515625,256.2449951171875,22034,256.3099975585937,2025-10-01 17:50:00+00:00,256.3066116637773,256.2772345800792,53.04087693992624,256.1425277973338,0.10041155133928571,neutral
hold,256.3299865722656,256.29998779296875,256.3699951171875,256.29998779296875,42140,256.3299865722656,2025-10-01 17:51:00+00:00,256.311286645475,256.2820302157325,54.41359469991947,256.1433182532504,0.0989837646484375,bad
hold,256.3799133300781,256.32000732421875,256.3999938964844,256.3099975585937,27320,256.3799133300781,2025-10-01 17:52:00+00:00,256.3250119823956,256.290928680673,57.736751493129226,256.14404646015385,0.10111999511719157,bad
hold,256.3599853515625,256.3699951171875,256.45001220703125,256.3599853515625,29617,256.3599853515625,2025-10-01 17:53:00+00:00,256.332006656229,256.2972065598448,55.98253726801149,256.1448059169662,0.09647914341518263,neutral
hold,256.41070556640625,256.3800048828125,256.41070556640625,256.3200988769531,33668,256.41070556640625,2025-10-01 17:54:00+00:00,256.3477464382645,256.3075246513504,59.36643861486464,256.14601723773524,0.09509277343750407,good
hold,256.375,256.4013977050781,256.42999267578125,256.3599853515625,29179,256.375,2025-10-01 17:55:00+00:00,256.3531971506116,256.3136587739549,56.097009515359765,256.33511201271665,0.09223720005580763,bad
hold,256.44158935546875,256.3764953613281,256.44158935546875,256.34130859375,26574,256.44158935546875,2025-10-01 17:56:00+00:00,256.37087559158306,256.3252888268198,60.46939057987839,256.3441855697776,0.0903429303850487,bad
hold,256.559814453125,256.4400939941406,256.5599975585937,256.4200134277344,45201,256.559814453125,2025-10-01 17:57:00+00:00,256.40866336389143,256.3466093383021,66.79273163773146,256.3608294118102,0.09641374860491071,bad
hold,256.4302062988281,256.5400085449219,256.5400085449219,256.4100036621094,51361,256.4302062988281,2025-10-01 17:58:00+00:00,256.4129719508788,256.35420906198624,56.18256945562762,256.3678249686389,0.0978437151227638,bad
hold,256.4560852050781,256.44580078125,256.4800109863281,256.4200134277344,25614,256.4560852050781,2025-10-01 17:59:00+00:00,256.42159460171865,256.36347052954005,57.62984474514384,256.37339712543815,0.09462847028459416,neutral
hold,256.59698486328125,256.4512023925781,256.6499938964844,256.42498779296875,69144,256.59698486328125,2025-10-01 18:00:00+00:00,256.4566726540312,256.38469910533473,64.50417271728453,256.3925825853535,0.10498700823102272,good
hold,256.5899963378906,256.6099853515625,256.6700134277344,256.5899963378906,46229,256.5899963378906,2025-10-01 18:01:00+00:00,256.48333739080306,256.40336249011256,63.94996724401212,256.40478622897007,0.1021314348493263,good
hold,256.45050048828125,256.5849914550781,256.5849914550781,256.4200134277344,50154,256.45050048828125,2025-10-01 18:02:00+00:00,256.4767700102987,256.4076477626733,53.98033771098935,256.41183769487554,0.10748726981026786,good
hold,256.5299987792969,256.42999267578125,256.54998779296875,256.42999267578125,40825,256.5299987792969,2025-10-01 18:03:00+00:00,256.4874157640984,256.41877058236634,57.99898313398752,256.4248338258612,0.11219351632254464,good
hold,256.54998779296875,256.5444030761719,256.54998779296875,256.4801025390625,36046,256.54998779296875,2025-10-01 18:04:00+00:00,256.49993016987247,256.43069941969384,58.96919057623284,256.43319312377747,0.10897173200334821,good
hold,256.5599975585937,256.5799865722656,256.6000061035156,256.5400085449219,31339,256.5599975585937,2025-10-01 18:05:00+00:00,256.5119436476168,256.4424537959574,59.47403250293833,256.4401937667886,0.10825674874441964,bad
hold,256.5599975585937,256.57000732421875,256.6499938964844,256.5599975585937,44153,256.5599975585937,2025-10-01 18:06:00+00:00,256.52155442981217,256.4531395925607,59.47403250293833,256.4508379807889,0.10825674874441964,good
hold,256.489990234375,256.5599975585937,256.57000732421875,256.4849853515625,39810,256.489990234375,2025-10-01 18:07:00+00:00,256.5152415907248,256.4564896509075,54.077092376695326,256.46803893007626,0.10789925711495536,good
hold,256.54998779296875,256.489990234375,256.57000732421875,256.4800109863281,39927,256.54998779296875,2025-10-01 18:08:00+00:00,256.5221908311736,256.46498948200394,57.625998226111314,256.478121734975,0.10785566057477679,neutral
hold,256.5299987792969,256.5400085449219,256.6400146484375,256.5,40368,256.5299987792969,2025-10-01 18:09:00+00:00,256.52375242079825,256.47089941812146,56.07129271231724,256.48671055319335,0.11285618373325892,neutral
hold,256.4200134277344,256.52508544921875,256.52508544921875,256.3999938964844,34884,256.4200134277344,2025-10-01 18:10:00+00:00,256.5030046221855,256.46627341899534,48.34287913387486,256.4887104582393,0.11497933523995536,bad
hold,256.5199890136719,256.42999267578125,256.5368957519531,256.4224853515625,34237,256.5199890136719,2025-10-01 18:11:00+00:00,256.50640150048275,256.471156654875,54.4841248939019,256.49871433686667,0.11332920619420049,neutral
hold,256.5299987792969,256.5354919433594,256.5354919433594,256.4700012207031,24318,256.5299987792969,2025-10-01 18:12:00+00:00,256.5111209562456,256.47650593891336,55.06019075535964,256.50389964579966,0.10730634416853084,neutral
hold,256.614990234375,256.5400085449219,256.6499938964844,256.5299987792969,55845,256.614990234375,2025-10-01 18:13:00+00:00,256.53189481187144,256.48909542031896,59.72160248695424,256.51700075732566,0.11159188406808442,good
hold,256.5899963378906,256.6199951171875,256.6199951171875,256.5400085449219,24263,256.5899963378906,2025-10-01 18:14:00+00:00,256.5435151170753,256.4982682310073,57.82216936335079,256.5237772421606,0.10123334612165584,good
hold,256.6701965332031,256.57000732421875,256.6859130859375,256.5683898925781,33395,256.6701965332031,2025-10-01 18:15:00+00:00,256.5688514003009,256.51389807666146,61.99871282009112,256.53540757423525,0.10391235351562907,good
hold,256.6317138671875,256.6700134277344,256.67999267578125,256.6000061035156,39176,256.6317138671875,2025-10-01 18:16:00+00:00,256.5814238936782,256.5246086030729,58.98072632893939,256.5431790069079,0.0974840436662987,bad
hold,256.6300048828125,256.63330078125,256.6400146484375,256.57000732421875,28179,256.6300048828125,2025-10-01 18:17:00+00:00,256.5911400915051,256.5341900830492,58.843735190547015,256.54532622394936,0.0939134870256737,bad
hold,256.5799865722656,256.6400146484375,256.6499938964844,256.5799865722656,28666,256.5799865722656,2025-10-01 18:18:00+00:00,256.5889093876572,256.5383534002507,54.82976319365324,256.55433548598734,0.09392220633370942,good
hold,256.6000061035156,256.581298828125,256.62060546875,256.57501220703125,25041,256.6000061035156,2025-10-01 18:19:00+00:00,256.5911287308289,256.54395819145657,56.11994478366292,256.5591138481376,0.09289332798549513,neutral
hold,256.6260986328125,256.6000061035156,256.6499938964844,256.54998779296875,45713,256.6260986328125,2025-10-01 18:20:00+00:00,256.59812271122564,256.5514255043071,57.811325267134734,256.5597111294516,0.09360831124441964,good
hold,256.510009765625,256.6099853515625,256.6099853515625,256.50469970703125,35466,256.510009765625,2025-10-01 18:21:00+00:00,256.5805001221055,256.5476604371541,48.798872279019655,256.5553892630112,0.0962066650390625,bad
hold,256.5299987792969,256.5,256.59991455078125,256.4700012207031,40565,256.5299987792969,2025-10-01 18:22:00+00:00,256.5703998535438,256.5460548318944,50.23740125599687,256.56124710420545,0.09905787876674108,neutral
hold,256.5350036621094,256.5299987792969,256.54998779296875,256.510009765625,25794,256.5350036621094,2025-10-01 18:23:00+00:00,256.56332061525694,256.5450501800957,50.61155634804163,256.56209382680134,0.09191240583147321,neutral
hold,256.54998779296875,256.5299987792969,256.57000732421875,256.489990234375,37354,256.54998779296875,2025-10-01 18:24:00+00:00,256.5606540507993,256.54549905399324,51.78050016060893,256.5620714769796,0.08834184919084821,neutral
hold,256.5799865722656,256.5400085449219,256.5799865722656,256.5199890136719,25393,256.5799865722656,2025-10-01 18:25:00+00:00,256.5645205550926,256.5486342829271,54.12166838538428,256.56281151649705,0.08427865164620536,bad
hold,256.6099853515625,256.5899963378906,256.6300048828125,256.5899963378906,39749,256.6099853515625,2025-10-01 18:26:00+00:00,256.5736135143866,256.554211652803,56.4013173181494,256.5656753387417,0.08317347935267858,bad
hold,256.61138916015625,256.6050109863281,256.6449890136719,256.5950012207031,32281,256.61138916015625,2025-10-01 18:27:00+00:00,256.58116864354054,256.5594096080169,56.51021949658941,256.5721749345708,0.07817295619419642,bad
hold,256.5899963378906,256.6142883300781,256.6199951171875,256.5599975585937,47126,256.5899963378906,2025-10-01 18:28:00+00:00,256.5829341824105,256.56219021982366,54.284925896696265,256.5746479716962,0.07674516950335228,bad
hold,256.4849853515625,256.57000732421875,256.57000732421875,256.45001220703125,26870,256.4849853515625,2025-10-01 18:29:00+00:00,256.56334441624097,256.55517159543626,44.93164492162998,256.5737611929405,0.0783495221819237,bad
hold,256.4800109863281,256.4800109863281,256.4949951171875,256.44000244140625,25774,256.4800109863281,2025-10-01 18:30:00+00:00,256.5466777302584,256.54833881279006,44.54015188626907,256.57812582178093,0.0765642438616112,bad
hold,256.4700012207031,256.4841003417969,256.5400085449219,256.4649963378906,41013,256.4700012207031,2025-10-01 18:31:00+00:00,256.5313424283474,256.5412172135094,43.71474032455743,256.57454202052435,0.07692173549107549,bad
hold,256.4234924316406,256.4750061035156,256.4800109863281,256.4200134277344,23958,256.4234924316406,2025-10-01 18:32:00+00:00,256.50977242900603,256.53051496061227,40.005113934599066,256.5708220008796,0.07620675223214692,neutral
hold,256.3450012207031,256.4200134277344,256.4386901855469,256.3299865722656,30694,256.3450012207031,2025-10-01 18:33:00+00:00,256.4768181873455,256.513650075166,34.659525028288655,256.5565061631013,0.0807146344866112,good
hold,256.3901062011719,256.3450012207031,256.4049987792969,256.30010986328125,36748,256.3901062011719,2025-10-01 18:34:00+00:00,256.4594757901108,256.50241881389377,39.65003811423325,256.546150551869,0.08106340680803978,good
hold,256.3800048828125,256.3949890136719,256.42999267578125,256.29998779296875,38999,256.3800048828125,2025-10-01 18:35:00+00:00,256.4435816086512,256.49129027470457,38.93287550971967,256.53040392259834,0.08167811802455763,neutral
hold,256.2650146484375,256.3599853515625,256.3599853515625,256.2650146484375,35356,256.2650146484375,2025-10-01 18:36:00+00:00,256.4078682166084,256.47071976322576,31.86677614930828,256.51049748870014,0.08061218261719157,bad
hold,256.3699951171875,256.2799987792969,256.375,256.2799987792969,25383,256.3699951171875,2025-10-01 18:37:00+00:00,256.4002935967242,256.4615629772223,42.1836105153339,256.500116407448,0.0856127057756737,bad
hold,256.32000732421875,256.3599853515625,256.409912109375,256.2900085449219,46283,256.32000732421875,2025-10-01 18:38:00+00:00,256.3842363422232,256.4486942814947,39.14416286881729,256.4846173310086,0.08846173967634334,neutral
hold,256.3699951171875,256.29998779296875,256.4700927734375,256.29229736328125,48256,256.3699951171875,2025-10-01 18:39:00+00:00,256.3813880972161,256.4415398120122,43.52626142785182,256.4727367485918,0.09687587193080763,good
hold,256.44000244140625,256.3500061035156,256.44000244140625,256.3500061035156,26739,256.44000244140625,2025-10-01 18:40:00+00:00,256.3931109660541,256.441400051048,49.05867153653542,256.4613045899646,0.09973144531250407,bad
hold,256.4150085449219,256.44000244140625,256.476806640625,256.3900146484375,27730,256.4150085449219,2025-10-01 18:41:00+00:00,256.3974904818277,256.43900082321835,47.27792777507092,256.45688980971784,0.10236031668527192,bad
hold,256.4599914550781,256.4150085449219,256.5400085449219,256.4100036621094,47691,256.4599914550781,2025-10-01 18:42:00+00:00,256.4099906764778,256.44090906247834,50.74329504440758,256.4528013280312,0.10736083984375,bad
hold,256.3660888671875,256.4598999023437,256.4598999023437,256.3599853515625,28579,256.3660888671875,2025-10-01 18:43:00+00:00,256.40121031461973,256.43410722654284,44.21052769288669,256.44615589173907,0.10450526646205358,good
hold,256.32501220703125,256.3599853515625,256.3599853515625,256.29998779296875,23346,256.32501220703125,2025-10-01 18:44:00+00:00,256.385970693102,256.4241894974963,41.6825400303279,256.43626345241785,0.10529872349330358,neutral
hold,256.25738525390625,256.3219909667969,256.3219909667969,256.25,33070,256.25738525390625,2025-10-01 18:45:00+00:00,256.36025360526287,256.4090254753517,37.84568812074413,256.4223129923298,0.10529872349330358,bad
hold,256.2349853515625,256.2699890136719,256.2950134277344,256.2349853515625,29648,256.2349853515625,2025-10-01 18:46:00+00:00,256.3351999545228,256.3932036459163,36.64254450088541,256.4030489939809,0.1053009033203125,bad
hold,256.2767944335937,256.2398986816406,256.3299865722656,256.2398986816406,30468,256.2767944335937,2025-10-01 18:47:00+00:00,256.323518850337,256.3826209902506,40.44799967599271,256.38735704444883,0.10432216099330358,bad
hold,256.3883972167969,256.277099609375,256.3883972167969,256.2699890136719,32642,256.3883972167969,2025-10-01 18:48:00+00:00,256.33649452362897,256.3831461017548,49.21641850752134,256.37292296126463,0.10528782435825892,neutral
hold,256.3949890136719,256.385009765625,256.3999938964844,256.3599853515625,26957,256.3949890136719,2025-10-01 18:49:00+00:00,256.3481934216376,256.3842227301109,49.687627106307566,256.3692582301078,0.09885951450892858,good
hold,256.45001220703125,256.3999938964844,256.4599914550781,256.3999938964844,39432,256.45001220703125,2025-10-01 18:50:00+00:00,256.36855717871634,256.3902035916491,53.56108306428869,256.3697482051435,0.09528895786830358,good
hold,256.37109375,256.44000244140625,256.4560852050781,256.3599853515625,39005,256.37109375,2025-10-01 18:51:00+00:00,256.3690644929731,256.3884663333173,47.86871388932337,256.3636985915163,0.09429713657924108,bad
hold,256.3900146484375,256.375,256.42999267578125,256.3699951171875,23639,256.3900146484375,2025-10-01 18:52:00+00:00,256.373254524066,256.3886070892374,49.26101551736843,256.3624901557814,0.09001813616071429,bad
hold,256.33331298828125,256.3800048828125,256.4814147949219,256.33331298828125,42048,256.33331298828125,2025-10-01 18:53:00+00:00,256.36526621690905,256.3835803527868,45.35197808450325,256.3614784007339,0.08789716448102679,bad
hold,256.3900146484375,256.3399963378906,256.3900146484375,256.29998779296875,35245,256.3900146484375,2025-10-01 18:54:00+00:00,256.3702159032147,256.384165288755,49.65439704235214,256.3614104311929,0.08789934430803571,bad
hold,256.4150085449219,256.3900146484375,256.4200134277344,256.3699951171875,29639,256.4150085449219,2025-10-01 18:55:00+00:00,256.3791744315562,256.3869692211338,51.46818961692416,256.36269691224066,0.08527265276227679,bad
buy,256.5599975585937,256.4100036621094,256.5599975585937,256.4100036621094,43267,256.5599975585937,2025-10-01 18:56:00+00:00,256.4153390569637,256.4026990699938,60.38436339508767,256.3803538756696,0.08670043945312093,excellent
sell,256.5299987792969,256.5516052246094,256.5544128417969,256.489990234375,44684,256.5299987792969,2025-10-01 18:57:00+00:00,256.4382710014304,256.4142717708395,58.00968022398733,256.39030517532854,0.0845576695033401,bad
hold,256.54998779296875,256.5400085449219,256.54998779296875,256.489990234375,29656,256.54998779296875,2025-10-01 18:58:00+00:00,256.4606143597381,256.42660959103307,59.16211637975422,256.4020239118453,0.08412170410155438,neutral
hold,256.739990234375,256.54559326171875,256.75,256.5302124023437,78235,256.739990234375,2025-10-01 18:59:00+00:00,256.5164895346655,256.4550987404278,68.11892266576311,256.441346084551,0.09446280343191558,neutral
hold,256.9100036621094,256.7344055175781,256.94000244140625,256.7300109863281,128696,256.9100036621094,2025-10-01 19:00:00+00:00,256.5951923601543,256.496453733308,73.6813281978819,256.5155159127205,0.10517447335379058,bad
hold,256.7200012207031,256.91668701171875,256.9200134277344,256.7200012207031,75832,256.7200012207031,2025-10-01 19:01:00+00:00,256.620154132264,256.51677623216204,60.89436520412578,256.5367436279282,0.1126752580915138,good
hold,256.69000244140625,256.7099914550781,256.739990234375,256.6499938964844,66820,256.69000244140625,2025-10-01 19:02:00+00:00,256.6341237940925,256.53252406936605,59.148999452343645,256.55252409738927,0.1106458391462013,neutral
hold,256.59991455078125,256.69000244140625,256.69000244140625,256.5329895019531,49972,256.59991455078125,2025-10-01 19:03:00+00:00,256.62728194543024,256.53865047676743,54.13129287873953,256.5610537656273,0.11900329589843343,bad
hold,256.6600036621094,256.59979248046875,256.7099914550781,256.5599975585937,30052,256.6600036621094,2025-10-01 19:04:00+00:00,256.63382628876604,256.5496825845258,56.76579974337961,256.5703873224823,0.12507411411830358,bad
hold,256.6863098144531,256.6499938964844,256.7049865722656,256.6000061035156,27378,256.6863098144531,2025-10-01 19:05:00+00:00,256.6443229939035,256.562103241792,57.90566296860758,256.5853596238312,0.12570844377790177,neutral
hold,256.7300109863281,256.70001220703125,256.7349853515625,256.6700134277344,49024,256.7300109863281,2025-10-01 19:06:00+00:00,256.66146059238844,256.5773675822043,59.801727599524725,256.6043034358108,0.12606375558035715,good
hold,256.760009765625,256.739990234375,256.8099975585937,256.739990234375,37887,256.760009765625,2025-10-01 19:07:00+00:00,256.68117042703574,256.59397141706074,61.097134591814886,256.6213743091454,0.12119838169642451,neutral
hold,256.739990234375,256.760009765625,256.8399963378906,256.7349853515625,47846,256.739990234375,2025-10-01 19:08:00+00:00,256.6929343885036,256.6072458549984,59.71416940167426,256.6354226949801,0.12226867675780843,good
hold,256.79998779296875,256.7300109863281,256.80499267578125,256.70001220703125,32072,256.79998779296875,2025-10-01 19:09:00+00:00,256.71434506939664,256.62476784935933,62.45691025432179,256.647795320994,0.1261945452008888,bad
hold,256.7699890136719,256.80499267578125,256.80499267578125,256.72149658203125,43605,256.7699890136719,2025-10-01 19:10:00+00:00,256.7254738582517,256.63796977338774,60.2482369428628,256.6615468527517,0.1214447021484375,bad
hold,256.7139892578125,256.7598876953125,256.760009765625,256.6700134277344,67329,256.7139892578125,2025-10-01 19:11:00+00:00,256.7231769381639,256.64488063560816,56.24937919368181,256.6766649979256,0.12358529227120942,good
hold,256.6700134277344,256.7099914550781,256.739990234375,256.6199951171875,36852,256.6700134277344,2025-10-01 19:12:00+00:00,256.712544236078,256.6471654348924,53.25984121076567,256.6832213158158,0.12787083217076298,good
hold,256.75,256.6700134277344,256.7799987792969,256.6700134277344,43847,256.75,2025-10-01 19:13:00+00:00,256.7200353888624,256.6565140317203,57.66694865666299,256.70089875702115,0.12002781459263392,bad
hold,256.6600036621094,256.7300109863281,256.739990234375,256.6499938964844,29695,256.6600036621094,2025-10-01 19:14:00+00:00,256.70802904351183,256.65683127084657,51.75405249472674,256.7107162180985,0.11217171805245536,bad
hold,256.6343994140625,256.6499938964844,256.6650085449219,256.6083984375,30044,256.6343994140625,2025-10-01 19:15:00+00:00,256.693303117622,256.6547920111389,50.177690976668735,256.7172348152933,0.1019287109375,bad
hold,256.6700134277344,256.635009765625,256.69000244140625,256.6300048828125,39817,256.6700134277344,2025-10-01 19:16:00+00:00,256.6886451796445,256.656175776284,52.35165743607572,256.7222108149185,0.09978594098772321,bad
hold,256.6499938964844,256.67498779296875,256.6875915527344,256.625,49496,256.6499938964844,2025-10-01 19:17:00+00:00,256.6809149230125,256.6556137872112,51.00438879111587,256.72725465014025,0.09304155622209821,bad
hold,256.54998779296875,256.6499938964844,256.6499938964844,256.5199890136719,49096,256.54998779296875,2025-10-01 19:18:00+00:00,256.65472949700376,256.6460114240983,44.8017557773331,256.7238548033539,0.09161376953124593,bad
hold,256.5400085449219,256.5599975585937,256.5799865722656,256.5325927734375,50812,256.5400085449219,2025-10-01 19:19:00+00:00,256.6317853065874,256.6363747987186,44.22381841494205,256.71310216433216,0.08750043596539772,bad
hold,256.4849853515625,256.54998779296875,256.6099853515625,256.4599914550781,74086,256.4849853515625,2025-10-01 19:20:00+00:00,256.6024253155824,256.6226121217044,41.07736725053591,256.66775821798313,0.09357343401227272,bad
hold,256.2900085449219,256.489990234375,256.4949951171875,256.260009765625,77056,256.2900085449219,2025-10-01 19:21:00+00:00,256.5399419614503,256.59237543290595,32.30596035417581,256.6323057452941,0.104644775390625,bad
hold,256.1849975585937,256.28240966796875,256.29998779296875,256.1600036621094,66054,256.1849975585937,2025-10-01 19:22:00+00:00,256.46895308087903,256.5553410806957,28.745741901192687,256.596467685812,0.10714285714285714,bad
hold,256.0599975585937,256.19000244140625,256.20001220703125,256.05499267578125,68671,256.0599975585937,2025-10-01 19:23:00+00:00,256.387161976422,256.5103098514137,25.18747455947577,256.5575369535531,0.11000279017857142,bad
hold,255.92999267578125,256.04998779296875,256.0574951171875,255.91009521484372,68516,255.92999267578125,2025-10-01 19:24:00+00:00,256.2957281162939,256.457553744538,22.12059828247789,256.510956944332,0.11474609374999797,good
hold,256.0050048828125,255.92999267578125,256.0199890136719,255.9199981689453,73331,256.0050048828125,2025-10-01 19:25:00+00:00,256.2375834695976,256.4164129389266,27.598522538024326,256.47047648427514,0.11474718366350244,good
hold,255.9600067138672,256.0050048828125,256.0299072265625,255.91000366210935,55694,255.9600067138672,2025-10-01 19:26:00+00:00,256.1820681184515,256.3749214639212,26.398946996880028,256.4309743861669,0.11474064418247767,bad
hold,256.0,255.94500732421875,256.010009765625,255.8699951171875,58912,256.0,2025-10-01 19:27:00+00:00,256.14565449476123,256.3408376944738,29.338631642580022,256.3953565631457,0.11688559395926339,neutral
hold,255.92999267578125,256.010009765625,256.0150146484375,255.92999267578125,46226,255.92999267578125,2025-10-01 19:28:00+00:00,256.10252213096527,256.3034881473199,27.284299787051324,256.3595472342837,0.11581529889787946,neutral
hold,255.94000244140625,255.92100524902344,256.0849914550781,255.91000366210935,112713,255.94000244140625,2025-10-01 19:29:00+00:00,256.0700181930535,256.27044399223684,28.05995119967325,256.30576271419034,0.12427084786551543,neutral
hold,256.01239013671875,255.94000244140625,256.04998779296875,255.92999267578125,688923,256.01239013671875,2025-10-01 19:30:00+00:00,256.0584925817866,256.2469845508261,33.57788659497706,256.1813460644153,0.128556387765069,bad
hold,256.1400146484375,256.04998779296875,256.1400146484375,256.04998779296875,51563,256.1400146484375,2025-10-01 19:31:00+00:00,256.0747969951168,256.2372600142453,42.021475307972864,256.15989782032744,0.13320159912109578,bad
hold,256.1000061035156,256.125,256.1300048828125,256.04998779296875,51526,256.1000061035156,2025-10-01 19:32:00+00:00,256.0798388167966,256.2247823859971,40.292297094617226,256.1476448498723,0.13034602573939935,bad
hold,256.0350036621094,256.0906982421875,256.0950927734375,255.9850006103516,54492,256.0350036621094,2025-10-01 19:33:00+00:00,256.07087178585914,256.2075297747345,37.58611223074195,256.12952880757126,0.13517543247767858,bad
hold,256.0122985839844,256.0350036621094,256.0799865722656,255.97999572753903,82035,256.0122985839844,2025-10-01 19:34:00+00:00,256.05915714548416,256.1897814846664,36.65991203778391,256.11580865190456,0.13160378592355113,bad
hold,255.8300018310547,256.0150146484375,256.0150146484375,255.80999755859372,70709,255.8300018310547,2025-10-01 19:35:00+00:00,256.01332608259827,256.1570742434289,30.220823811519,256.09686960070053,0.1294631958007853,bad
hold,255.65499877929688,255.8300018310547,255.85499572753903,255.65499877929688,99942,255.65499877929688,2025-10-01 19:36:00+00:00,255.941660621938,256.1114310194169,25.57647329199068,256.06251710264365,0.13374982561384133,neutral
hold,255.56500244140625,255.6499938964844,255.68899536132807,255.52999877929688,101504,255.56500244140625,2025-10-01 19:37:00+00:00,255.86632898583167,256.0617556941432,23.570388309700817,256.0227653518666,0.13474818638392655,neutral
hold,255.67999267578125,255.5675048828125,255.69000244140625,255.52999877929688,68498,255.67999267578125,2025-10-01 19:38:00+00:00,255.8290617238216,256.0270499652012,31.015651255163945,255.99834311896828,0.13546970912388392,neutral
hold,255.4947052001953,255.6699981689453,255.67999267578125,255.42999267578125,153064,255.4947052001953,2025-10-01 19:39:00+00:00,255.7621904190964,255.9786549865643,26.53088411330377,255.94907954511896,0.14618464878627233,neutral
hold,255.53500366210935,255.4949951171875,255.5500030517578,255.41000366210935,124373,255.53500366210935,2025-10-01 19:40:00+00:00,255.716753067699,255.93832304797743,28.93760605411821,255.90712403243947,0.14762006487165177,neutral
hold,255.5249938964844,255.53500366210935,255.6199951171875,255.5,96081,255.5249938964844,2025-10-01 19:41:00+00:00,255.6784012334561,255.900747670569,28.68623528079216,255.87692603023203,0.14619009835379465,good
hold,255.4900054931641,255.5200042724609,255.5424041748047,255.46090698242188,66365,255.4900054931641,2025-10-01 19:42:00+00:00,255.6407220853977,255.86340747262307,27.777919630883503,255.8559390525877,0.1459383283342634,bad
hold,255.5502014160156,255.4850006103516,255.55999755859372,255.43150329589844,87129,255.5502014160156,2025-10-01 19:43:00+00:00,255.62261795152128,255.83493419474965,31.780146118558207,255.8375579756628,0.14261736188615665,neutral
hold,255.3500061035156,255.5500030517578,255.56869506835935,255.32000732421875,115687,255.3500061035156,2025-10-01 19:44:00+00:00,255.56809558192012,255.79084982281927,26.51718059608507,255.8097832342457,0.15180969238280642,bad
hold,255.42999267578125,255.3600006103516,255.42999267578125,255.27999877929688,95320,255.42999267578125,2025-10-01 19:45:00+00:00,255.5404750006924,255.758044627634,31.404997999106044,255.78763380890436,0.15340750558035104,bad
hold,255.55999755859372,255.42999267578125,255.55999755859372,255.42140197753903,83299,255.55999755859372,2025-10-01 19:46:00+00:00,255.54437951227263,255.74004034863037,38.558493075260046,255.77526052388365,0.15687670026506087,good
hold,255.72999572753903,255.55999755859372,255.7400054931641,255.531005859375,120642,255.72999572753903,2025-10-01 19:47:00+00:00,255.581502755326,255.7391272012584,46.42618973942019,255.7673702413681,0.16359056745256492,bad
hold,255.6750030517578,255.7400054931641,255.75,255.56759643554688,101637,255.6750030517578,2025-10-01 19:48:00+00:00,255.60020281461237,255.733297733122,44.443567589841074,255.76040042287133,0.16947719029017452,good
hold,255.7700042724609,255.6699981689453,255.7769927978516,255.6499938964844,90866,255.7700042724609,2025-10-01 19:49:00+00:00,255.6341631061821,255.7366346912437,48.53257911609937,255.75234152135744,0.1639044625418466,bad
hold,255.6199951171875,255.77999877929688,255.8800048828125,255.55999755859372,173751,255.6199951171875,2025-10-01 19:50:00+00:00,255.6313295083832,255.72603109360224,43.13402748644962,255.6452985708456,0.17247663225446225,neutral
hold,255.5,255.6199951171875,255.7100067138672,255.47000122070312,136766,255.5,2025-10-01 19:51:00+00:00,255.60506360670652,255.70548281236563,39.36218476154648,255.622305577305,0.1782629830496672,good
hold,255.53500366210935,255.4900054931641,255.66400146484372,255.3999938964844,141245,255.53500366210935,2025-10-01 19:52:00+00:00,255.59105161778717,255.6899847077969,40.98340605128329,255.60440072763888,0.18569183349609172,good
hold,255.65679931640625,255.5249938964844,255.70989990234372,255.50999450683597,122554,255.65679931640625,2025-10-01 19:53:00+00:00,255.604201157511,255.6869678540341,46.35756187885443,255.59640493954677,0.18211364746093142,neutral
hold,255.60499572753903,255.6499938964844,255.91000366210935,255.5,196499,255.60499572753903,2025-10-01 19:54:00+00:00,255.60436007151665,255.67951584253456,44.5013726044783,255.58196560286555,0.2013996669224229,neutral
hold,255.46499633789065,255.6100006103516,255.7700042724609,255.3999938964844,253596,255.46499633789065,2025-10-01 19:55:00+00:00,255.57648732479143,255.6600140693851,39.85671071931162,255.5625317336421,0.21925789969306614,neutral
hold,255.4499969482422,255.47000122070312,255.4949951171875,255.3600006103516,289001,255.4499969482422,2025-10-01 19:56:00+00:00,255.55118924948164,255.64092160382663,39.382451725691766,255.54657834584265,0.2230791364397159,neutral
hold,255.4499969482422,255.4550018310547,255.5800018310547,255.3999938964844,285965,255.4499969482422,2025-10-01 19:57:00+00:00,255.53095078923377,255.6235648169553,39.382451725691766,255.5360553401378,0.22675868443078734,neutral
hold,255.5399932861328,255.4550018310547,255.6100006103516,255.3800048828125,284071,255.5399932861328,2025-10-01 19:58:00+00:00,255.5327592886136,255.6159674050624,44.01782295978981,255.53315904420325,0.22542354038782264,neutral
hold,255.41000366210935,255.5399932861328,255.5850067138672,255.41000366210935,592059,255.41000366210935,2025-10-01 19:59:00+00:00,255.5082081633128,255.59724342843023,39.33860145996923,255.51376905986817,0.22720990862164164,neutral
