action,close,open,high,low,volume,price,time,fast_ema,slow_ema,rsi_14,vwma,atr,action_quality
hold,340.8500061035156,342.70001220703125,342.70001220703125,340.79998779296875,0,340.8500061035156,2025-08-12 03:45:00+00:00,0.0,0.0,50.0,0.0,1.9000244140625,bad
hold,343.3500061035156,342.70001220703125,343.5,342.70001220703125,58627,343.3500061035156,2025-08-12 03:46:00+00:00,0.0,0.0,50.0,343.3500061035156,2.2750091552734375,good
hold,343.5,343.3500061035156,343.5,342.6000061035156,23330,343.5,2025-08-12 03:47:00+00:00,0.0,0.0,50.0,343.3927035864028,1.8166707356770833,neutral
hold,343.45001220703125,343.5,343.5,342.5,25435,343.45001220703125,2025-08-12 03:48:00+00:00,0.0,0.0,50.0,343.40627670884845,1.6125030517578125,good
hold,343.1000061035156,343.45001220703125,344.0,343.1000061035156,22560,343.1000061035156,2025-08-12 03:49:00+00:00,0.0,0.0,50.0,343.3531073474203,1.470001220703125,good
hold,343.20001220703125,343.20001220703125,343.45001220703125,343.04998779296875,18469,343.20001220703125,2025-08-12 03:50:00+00:00,0.0,0.0,50.0,343.3340567134275,1.2916717529296875,good
hold,342.8999938964844,342.79998779296875,343.20001220703125,342.54998779296875,30014,342.8999938964844,2025-08-12 03:51:00+00:00,0.0,0.0,50.0,343.2610443482092,1.2000078473772322,neutral
hold,342.29998779296875,342.79998779296875,342.8500061035156,342.04998779296875,11384,342.29998779296875,2025-08-12 03:52:00+00:00,0.0,0.0,50.0,343.2034069787949,1.1562576293945312,neutral
hold,343.1000061035156,342.5,343.1000061035156,342.29998779296875,21738,343.1000061035156,2025-08-12 03:53:00+00:00,342.8611145019531,0.0,50.0,343.19278228555936,1.1166754828559027,good
hold,343.79998779296875,343.45001220703125,344.70001220703125,343.29998779296875,32756,343.79998779296875,2025-08-12 03:54:00+00:00,343.04888916015625,0.0,50.0,343.2741927041646,1.165008544921875,neutral
hold,343.3500061035156,343.70001220703125,343.8999938964844,343.20001220703125,16272,343.3500061035156,2025-08-12 03:55:00+00:00,343.10911254882814,0.0,50.0,343.2789268048774,1.1227333762428977,good
hold,343.70001220703125,343.3999938964844,343.8500061035156,343.3500061035156,7887,343.70001220703125,2025-08-12 03:56:00+00:00,343.2272924804688,0.0,50.0,343.2912971845326,1.0708389282226562,neutral
hold,343.3500061035156,343.75,343.95001220703125,343.3500061035156,21089,343.3500061035156,2025-08-12 03:57:00+00:00,343.2518352050782,0.0,50.0,343.29557301032554,1.0346210186298077,good
hold,343.25,343.25,343.25,343.1000061035156,4275,343.25,2025-08-12 03:58:00+00:00,343.25146816406254,0.0,50.0,343.29490997169466,0.97857666015625,good
hold,342.75,343.3999938964844,343.3999938964844,342.75,11271,342.75,2025-08-12 03:59:00+00:00,343.15117453125004,0.0,63.01362418323878,343.2747803768608,0.8892887660435268,good
hold,342.79998779296875,342.95001220703125,342.95001220703125,342.5,13719,342.79998779296875,2025-08-12 04:00:00+00:00,343.0809371835938,0.0,63.28437861817397,343.2543501752511,0.732147216796875,good
hold,343.0,342.95001220703125,343.1000061035156,342.95001220703125,8004,343.0,2025-08-12 04:01:00+00:00,343.06474974687507,0.0,64.40710602615178,343.24812119136743,0.6892918178013393,bad
hold,343.0,343.0,343.1499938964844,342.8500061035156,4562,343.0,2025-08-12 04:02:00+00:00,343.0517997975001,0.0,64.40710602615178,343.2447055118247,0.6392909458705357,bad
hold,343.20001220703125,343.0,343.25,343.0,1446,343.20001220703125,2025-08-12 04:03:00+00:00,343.0814422794064,0.0,65.62615437617661,343.2445113437347,0.5928628104073661,bad
hold,342.75,343.25,343.25,342.29998779296875,21232,342.75,2025-08-12 04:04:00+00:00,343.0151538235251,0.0,60.59736072711242,343.2148577022227,0.6321476527622768,bad
hold,342.45001220703125,342.75,342.75,342.45001220703125,13303,342.45001220703125,2025-08-12 04:05:00+00:00,342.9021255002264,343.0071454729353,57.43764883216826,343.1871617647898,0.6071450369698661,bad
hold,342.29998779296875,342.45001220703125,342.45001220703125,341.70001220703125,31161,342.29998779296875,2025-08-12 04:06:00+00:00,342.7816979587749,342.94285841112014,55.8687119426734,343.0777427084526,0.6000017438616071,bad
hold,341.79998779296875,342.1499938964844,342.29998779296875,341.79998779296875,5424,341.79998779296875,2025-08-12 04:07:00+00:00,342.58535592561367,342.83896108219733,50.88041588346184,343.02562546262607,0.5785718645368304,good
hold,342.04998779296875,341.95001220703125,342.20001220703125,341.79998779296875,7334,342.04998779296875,2025-08-12 04:08:00+00:00,342.4782822990847,342.767236237722,53.1336156622961,342.96656128522164,0.49285888671875,good
hold,342.0,342.0,342.1499938964844,341.8999938964844,26840,342.0,2025-08-12 04:09:00+00:00,342.3826258392678,342.6974874888382,52.613913809626325,342.8726128784592,0.4607173374720982,good
hold,341.70001220703125,342.0,342.0,341.5,9884,341.70001220703125,2025-08-12 04:10:00+00:00,342.2461031128205,342.60680791776485,49.48575089222567,342.81374432846405,0.4607173374720982,bad
hold,341.5,341.6499938964844,341.8500061035156,341.5,8210,341.5,2025-08-12 04:11:00+00:00,342.0968824902564,342.50618901614985,47.45969554619247,342.76559829251886,0.44286019461495535,bad
hold,341.8999938964844,341.70001220703125,342.1000061035156,341.5,7838,341.8999938964844,2025-08-12 04:12:00+00:00,342.057504771502,342.4510803689075,51.71711011650349,342.76018671772533,0.46786063058035715,neutral
hold,342.1499938964844,342.1000061035156,342.20001220703125,341.8999938964844,6836,342.1499938964844,2025-08-12 04:13:00+00:00,342.0760025964985,342.4237088714145,54.214316227632494,342.7156192069989,0.4428623744419643,good
hold,342.0,342.0,342.1499938964844,341.8999938964844,2266,342.0,2025-08-12 04:14:00+00:00,342.0608020771988,342.3851898831041,52.46117302569382,342.5533265102675,0.42857578822544645,neutral
hold,342.20001220703125,341.95001220703125,342.20001220703125,341.95001220703125,6604,342.20001220703125,2025-08-12 04:15:00+00:00,342.0886441031653,342.36835554891564,54.5708019719424,342.4835367983807,0.4250030517578125,neutral
hold,342.3500061035156,342.04998779296875,342.45001220703125,342.04998779296875,2424,342.3500061035156,2025-08-12 04:16:00+00:00,342.14091650323536,342.3666874175156,56.14261930520191,342.4371306260991,0.43214852469308035,neutral
hold,342.25,342.29998779296875,342.3999938964844,342.1499938964844,1707,342.25,2025-08-12 04:17:00+00:00,342.1627332025883,342.3560794704687,54.78167634393408,342.33642535223885,0.43214852469308035,good
hold,342.25,342.25,342.25,342.1499938964844,1573,342.25,2025-08-12 04:18:00+00:00,342.1801865620706,342.3464358822443,54.78167634393408,342.3153362222216,0.37143380301339285,bad
hold,342.25,342.25,342.45001220703125,342.1499938964844,2488,342.25,2025-08-12 04:19:00+00:00,342.1941492496565,342.33766898385846,54.78167634393408,342.28765498867466,0.3714359828404018,bad
hold,341.95001220703125,342.1499938964844,342.3500061035156,341.95001220703125,10235,341.95001220703125,2025-08-12 04:20:00+00:00,342.1453218411315,342.3024274586924,50.22066801784148,342.22920369157407,0.346435546875,bad
hold,342.0,342.0,342.1499938964844,341.8999938964844,1981,342.0,2025-08-12 04:21:00+00:00,342.1162574729052,342.2749340533567,50.95345713524656,342.1909943890978,0.32857840401785715,bad
hold,342.1000061035156,342.25,342.25,342.04998779296875,1233,342.1000061035156,2025-08-12 04:22:00+00:00,342.11300719902727,342.259031512462,52.4611936302554,342.16862705278214,0.3178623744419643,bad
hold,342.79998779296875,342.25,342.79998779296875,342.25,16193,342.79998779296875,2025-08-12 04:23:00+00:00,342.2504033178156,342.3082093561444,61.4045077892637,342.21588813725003,0.35000392368861605,bad
buy,342.75,342.79998779296875,342.79998779296875,342.75,11790,342.75,2025-08-12 04:24:00+00:00,342.3503226542525,342.3483721419495,60.52877012272785,342.18712376837817,0.31786019461495535,excellent
hold,343.70001220703125,343.45001220703125,343.79998779296875,343.45001220703125,72984,343.70001220703125,2025-08-12 04:25:00+00:00,342.6202605648083,342.4712485115024,69.4469821859487,342.6420904495435,0.36785888671875,bad
hold,343.54998779296875,343.70001220703125,343.70001220703125,343.54998779296875,10078,343.54998779296875,2025-08-12 04:26:00+00:00,342.8062060104404,342.5693157189084,66.8772208499878,342.7346945309777,0.3357173374720982,bad
hold,343.70001220703125,343.6499938964844,343.79998779296875,343.3999938964844,29272,343.70001220703125,2025-08-12 04:27:00+00:00,342.9849672497586,342.67210630873774,68.14656776108197,342.87485783316214,0.3428584507533482,bad
hold,344.25,343.8500061035156,344.25,343.6499938964844,27969,344.25,2025-08-12 04:28:00+00:00,343.2379737998069,342.8155511897616,72.33255928111453,343.04711049135017,0.36785888671875,neutral
hold,344.0,344.20001220703125,344.25,343.79998779296875,4246,344.0,2025-08-12 04:29:00+00:00,343.3903790398456,342.9232283543287,67.96064873839617,343.18345024836555,0.38214547293526785,good
hold,344.5,344.0,344.8999938964844,344.0,17983,344.5,2025-08-12 04:30:00+00:00,343.61230323187647,343.06657123120794,71.65116655783925,343.3406304204954,0.41785757882254465,bad
hold,344.70001220703125,344.6000061035156,344.79998779296875,344.45001220703125,5539,344.70001220703125,2025-08-12 04:31:00+00:00,343.82984502690744,343.2150658653737,72.99138940515891,343.43448419815115,0.42499869210379465,bad
hold,344.79998779296875,344.6000061035156,344.79998779296875,344.6000061035156,10154,344.79998779296875,2025-08-12 04:32:00+00:00,344.0238735801197,343.35914967697323,73.66166330650377,343.540795538449,0.43213980538504465,bad
hold,344.45001220703125,344.3500061035156,344.5,344.3500061035156,3358,344.45001220703125,2025-08-12 04:33:00+00:00,344.109101305502,343.4583189978876,67.3596626489081,343.5931148759847,0.44285147530691965,good
hold,344.1000061035156,344.5,344.5,344.1000061035156,4210,344.1000061035156,2025-08-12 04:34:00+00:00,344.10728226510474,343.5166541893083,61.676630482962544,343.6168483965341,0.44285147530691965,good
hold,344.0,344.1000061035156,344.1000061035156,343.8500061035156,9019,344.0,2025-08-12 04:35:00+00:00,344.08582581208384,343.560594717553,60.11597977966223,343.6692646957173,0.44285147530691965,good
hold,343.5,343.95001220703125,344.0,343.3999938964844,11876,343.5,2025-08-12 04:36:00+00:00,343.9686606496671,343.5550861068664,52.907692669261294,343.6739427242226,0.46785191127232145,bad
hold,344.25,343.5,344.25,343.5,8816,344.25,2025-08-12 04:37:00+00:00,344.0249285197337,343.6182600971513,60.54912437785986,343.70271390233387,0.47142464773995535,neutral
hold,344.25,344.29998779296875,344.29998779296875,344.04998779296875,1371,344.25,2025-08-12 04:38:00+00:00,344.069942815787,343.67569099741024,60.54912437785986,343.7143531140069,0.4857112339564732,neutral
hold,344.0,344.1000061035156,344.25,344.0,1442,344.0,2025-08-12 04:39:00+00:00,344.0559542526296,343.70517363400927,56.97509640493638,343.729965160087,0.42856924874441965,good
hold,344.1000061035156,344.20001220703125,344.25,344.04998779296875,2041,344.1000061035156,2025-08-12 04:40:00+00:00,344.0647646228068,343.7410674948735,58.04202602128605,343.8053883162161,0.43571036202566965,good
hold,344.1499938964844,344.25,344.25,344.0,1642,344.1499938964844,2025-08-12 04:41:00+00:00,344.0818104775424,343.7782426222926,58.59473129888858,343.82187737987937,0.4249965122767857,good
hold,343.79998779296875,344.1499938964844,344.1499938964844,343.79998779296875,6808,343.79998779296875,2025-08-12 04:42:00+00:00,344.02544594062766,343.7802194559904,53.30045771986149,343.829564732536,0.40713936941964285,good
hold,343.95001220703125,343.79998779296875,344.0,343.79998779296875,2680,343.95001220703125,2025-08-12 04:43:00+00:00,344.0103591939084,343.7956551606305,55.17021599383682,343.89942200945404,0.3892822265625,good
hold,343.8500061035156,344.1000061035156,344.1000061035156,343.79998779296875,5965,343.8500061035156,2025-08-12 04:44:00+00:00,343.9782885758299,343.80059615543826,53.62879893496671,343.9552516667443,0.3464268275669643,bad
hold,343.95001220703125,343.8500061035156,343.95001220703125,343.75,1706,343.95001220703125,2025-08-12 04:45:00+00:00,343.97263330207016,343.8141794328558,54.98328324051205,344.06729895550274,0.3357151576450893,good
hold,343.95001220703125,344.0,344.0,343.95001220703125,928,343.95001220703125,2025-08-12 04:46:00+00:00,343.9681090830624,343.82652786687174,54.98328324051207,344.0998072808868,0.32500130789620535,good
hold,343.79998779296875,343.8999938964844,343.8999938964844,343.70001220703125,2899,343.79998779296875,2025-08-12 04:47:00+00:00,343.9344848250437,343.8241151328806,52.32419361247655,344.18272698136155,0.31071690150669645,good
hold,343.79998779296875,343.8999938964844,343.8999938964844,343.75,1603,343.79998779296875,2025-08-12 04:48:00+00:00,343.9075854186287,343.8219217383431,52.32419361247655,344.15880152658053,0.29285975864955355,neutral
hold,343.5,343.8999938964844,343.8999938964844,343.5,11729,343.5,2025-08-12 04:49:00+00:00,343.82606833490297,343.7926561257665,47.0476312056666,344.0956998452252,0.3035736083984375,bad
hold,343.79998779296875,343.6000061035156,343.95001220703125,343.6000061035156,9041,343.79998779296875,2025-08-12 04:50:00+00:00,343.82085222651614,343.7933226409667,52.23495555988704,343.99899312084574,0.29285975864955355,neutral
hold,343.95001220703125,343.75,343.95001220703125,343.75,1396,343.95001220703125,2025-08-12 04:51:00+00:00,343.8466842226192,343.8075671469726,54.62872351796273,343.9589529717429,0.25357491629464285,good
hold,343.95001220703125,343.75,343.95001220703125,343.75,918,343.95001220703125,2025-08-12 04:52:00+00:00,343.86734981950167,343.820516697887,54.62872351796274,343.8633882280177,0.25000435965401785,neutral
hold,343.95001220703125,343.95001220703125,344.0,343.95001220703125,1619,343.95001220703125,2025-08-12 04:53:00+00:00,343.88388229700763,343.8322890169001,54.62872351796274,343.84252789328,0.2357177734375,bad
hold,344.0,343.95001220703125,344.1499938964844,343.79998779296875,8023,344.0,2025-08-12 04:54:00+00:00,343.90710583760614,343.8475354699092,55.55564833910405,343.844488246497,0.24286106654575892,bad
hold,344.0,344.1499938964844,344.1499938964844,344.0,6970,344.0,2025-08-12 04:55:00+00:00,343.92568467008493,343.8613958817356,55.55564833910406,343.84092690863054,0.2357177734375,bad
hold,343.8999938964844,343.6499938964844,344.0,343.6499938964844,1118,343.8999938964844,2025-08-12 04:56:00+00:00,343.92054651536483,343.8649047921673,53.04138766751476,343.8932026484427,0.2357177734375,bad
hold,343.75,343.95001220703125,343.95001220703125,343.6000061035156,1676,343.75,2025-08-12 04:57:00+00:00,343.88643721229187,343.85445890197025,49.42821455901,343.8459021512004,0.24643162318638392,bad
sell,343.3999938964844,343.6499938964844,343.6499938964844,343.29998779296875,4737,343.3999938964844,2025-08-12 04:58:00+00:00,343.78914854913035,343.8131439014715,42.20366502610925,343.810323688766,0.25714547293526785,good
hold,343.3999938964844,343.3500061035156,343.54998779296875,343.29998779296875,4236,343.3999938964844,2025-08-12 04:59:00+00:00,343.7113176186012,343.775584810109,42.20366502610925,343.78444512388654,0.26071602957589285,good
hold,343.20001220703125,343.3999938964844,343.45001220703125,343.0,18302,343.20001220703125,2025-08-12 05:00:00+00:00,343.60905653628714,343.72326002801105,38.47699470002115,343.6637979558825,0.28928920200892855,bad
hold,343.1000061035156,343.20001220703125,343.25,343.0,10649,343.1000061035156,2025-08-12 05:01:00+00:00,343.50724644973286,343.6666005803296,36.73030292639103,343.59775955728907,0.28928920200892855,bad
hold,343.0,342.95001220703125,343.0,342.79998779296875,10214,343.0,2025-08-12 05:02:00+00:00,343.40579715978635,343.60600052757235,35.0183361882188,343.5274432687546,0.30000523158482145,bad
hold,343.1000061035156,343.1000061035156,343.20001220703125,342.95001220703125,10203,343.1000061035156,2025-08-12 05:03:00+00:00,343.3446389485322,343.5600010344763,38.12415855804508,343.4792248037798,0.2892913818359375,bad
hold,343.3999938964844,343.79998779296875,343.79998779296875,343.1499938964844,8925,343.3999938964844,2025-08-12 05:04:00+00:00,343.3557099381227,343.54545493102245,46.40000288607212,343.4542543498519,0.30714634486607145,bad
hold,344.0,343.3999938964844,344.0,343.3999938964844,1951,344.0,2025-08-12 05:05:00+00:00,343.48456795049816,343.5867772100204,58.387998365904615,343.4561238433432,0.3357173374720982,bad
hold,344.0,344.1499938964844,344.20001220703125,343.8999938964844,8769,344.0,2025-08-12 05:06:00+00:00,343.5876543603986,343.62434291820034,58.387998365904615,343.4906172871191,0.34286063058035715,bad
buy,344.45001220703125,344.1499938964844,344.45001220703125,344.0,20508,344.45001220703125,2025-08-12 05:07:00+00:00,343.7601259297251,343.6994037626395,65.16497415888713,343.6223151692619,0.37143380301339285,excellent
hold,345.3999938964844,344.45001220703125,345.5,344.1000061035156,125764,345.3999938964844,2025-08-12 05:08:00+00:00,344.088099523077,343.8540028657163,74.57757948452382,344.4593717853738,0.4464329310825893,bad
hold,345.20001220703125,345.5,346.5,345.20001220703125,39658,345.20001220703125,2025-08-12 05:09:00+00:00,344.31048205986787,343.97636735129043,70.27289580217085,344.5972338835787,0.5285753522600446,bad
hold,345.29998779296875,345.29998779296875,345.6000061035156,345.0,16068,345.29998779296875,2025-08-12 05:10:00+00:00,344.5083832064881,344.0966964823521,71.16884504976986,344.65855143893526,0.5464324951171875,bad
hold,344.6499938964844,345.25,345.25,344.6499938964844,4458,344.6499938964844,2025-08-12 05:11:00+00:00,344.53670534448736,344.1469962472732,58.76751810362929,344.66167177139846,0.5678601946149554,good
hold,345.20001220703125,344.8500061035156,345.3500061035156,344.8500061035156,3360,345.20001220703125,2025-08-12 05:12:00+00:00,344.6693667169962,344.2427249708876,64.4177267150805,344.6696863001341,0.5857173374720982,bad
hold,344.75,345.1499938964844,345.25,344.75,2791,344.75,2025-08-12 05:13:00+00:00,344.68549337359696,344.2888408826251,57.4777702218937,344.67419148170575,0.6035744803292411,good
hold,344.3999938964844,344.8999938964844,344.8999938964844,344.3999938964844,3393,344.3999938964844,2025-08-12 05:14:00+00:00,344.6283934781745,344.2989457020669,52.720408976248166,344.68893612648293,0.6071450369698661,good
hold,344.5,344.8500061035156,344.8500061035156,344.3999938964844,10806,344.5,2025-08-12 05:15:00+00:00,344.6027147825396,344.3172233655153,53.89463909698395,344.6979100102709,0.6214316231863839,good
hold,344.3999938964844,344.29998779296875,344.5,344.1499938964844,7311,344.3999938964844,2025-08-12 05:16:00+00:00,344.56217060532856,344.3247479592398,52.49070540076279,344.69381160186026,0.6250021798270089,good
hold,344.5,344.3999938964844,344.6000061035156,344.29998779296875,7737,344.5,2025-08-12 05:17:00+00:00,344.5497364842629,344.3406799629453,53.787134038522616,344.6940689426592,0.6285749162946429,neutral
hold,344.79998779296875,344.5,344.79998779296875,344.3999938964844,2815,344.79998779296875,2025-08-12 05:18:00+00:00,344.59978674600404,344.38243522022015,57.530869577624536,344.71428860640066,0.607147216796875,bad
hold,344.70001220703125,344.79998779296875,344.95001220703125,344.70001220703125,2044,344.70001220703125,2025-08-12 05:19:00+00:00,344.6198318382095,344.4113058553848,55.90542825379599,344.7318296750199,0.5821467808314732,neutral
hold,344.3500061035156,344.79998779296875,344.79998779296875,344.3500061035156,7972,344.3500061035156,2025-08-12 05:20:00+00:00,344.5658666912708,344.4057331506694,50.52358706407803,344.81366252740537,0.5928584507533482,good
hold,344.29998779296875,344.3500061035156,344.5,344.29998779296875,1070,344.29998779296875,2025-08-12 05:21:00+00:00,344.51269091161043,344.3961199363329,49.785985059694205,344.8734937585116,0.5750013078962054,neutral
hold,344.1499938964844,344.45001220703125,344.45001220703125,344.1000061035156,5733,344.1499938964844,2025-08-12 05:22:00+00:00,344.44015150858525,344.3737448418012,47.54439353819205,344.92493965102204,0.5000021798270089,bad
hold,344.1499938964844,344.0,344.1499938964844,344.0,4750,344.1499938964844,2025-08-12 05:23:00+00:00,344.3821199861651,344.3534038467724,47.54439353819205,344.9771946107474,0.41785975864955355,bad
hold,344.25,344.04998779296875,344.29998779296875,344.0,593,344.25,2025-08-12 05:24:00+00:00,344.3556959889321,344.3440034970658,49.30921459568168,345.0263577914624,0.3964298793247768,neutral
hold,344.3500061035156,344.25,344.79998779296875,344.25,6226,344.3500061035156,2025-08-12 05:25:00+00:00,344.3545580118488,344.3445491885612,51.08162964404582,345.0185212484961,0.38928658621651785,neutral
hold,344.6499938964844,344.6499938964844,344.70001220703125,344.3999938964844,827,344.6499938964844,2025-08-12 05:26:00+00:00,344.41364518877594,344.3723168892815,56.04633276964707,345.0500186733473,0.36428615025111605,good
hold,344.8500061035156,344.6499938964844,344.8500061035156,344.5,3158,344.8500061035156,2025-08-12 05:27:00+00:00,344.5009173717239,344.4157431814846,59.03175822671935,345.0955225555449,0.35357230050223215,bad
hold,344.70001220703125,344.8999938964844,344.95001220703125,344.70001220703125,2374,344.70001220703125,2025-08-12 05:28:00+00:00,344.5407363387854,344.44158582017064,55.9619870027165,344.80087559218737,0.3357151576450893,good
hold,344.54998779296875,344.79998779296875,344.79998779296875,344.54998779296875,1636,344.54998779296875,2025-08-12 05:29:00+00:00,344.5425866296221,344.45144054497047,52.99362440421014,344.6301536528778,0.32142857142857145,good
hold,344.6499938964844,344.75,344.75,344.54998779296875,738,344.6499938964844,2025-08-12 05:30:00+00:00,344.5640680829946,344.46949084965354,54.71787304788708,344.49545026327485,0.3107147216796875,good
hold,344.75,344.54998779296875,344.8500061035156,344.3999938964844,6067,344.75,2025-08-12 05:31:00+00:00,344.6012544663957,344.4949916815032,56.43866738084357,344.50595870587216,0.32142857142857145,good
hold,344.3999938964844,344.6499938964844,344.75,344.3999938964844,1362,344.3999938964844,2025-08-12 05:32:00+00:00,344.5610023524135,344.4863555192288,49.36769993767817,344.4747716747237,0.31785801478794645,good
hold,344.70001220703125,344.3500061035156,344.70001220703125,344.25,2969,344.70001220703125,2025-08-12 05:33:00+00:00,344.58880432333706,344.50577885448354,54.61646608866017,344.4735223424029,0.3321446010044643,neutral
hold,344.6000061035156,344.54998779296875,344.70001220703125,344.54998779296875,754,344.6000061035156,2025-08-12 05:34:00+00:00,344.5910446793728,344.51434496803193,52.65695059649476,344.4780042998888,0.31071908133370535,bad
hold,344.6499938964844,344.6000061035156,344.6499938964844,344.3999938964844,2712,344.6499938964844,2025-08-12 05:35:00+00:00,344.6028345227951,344.5266766888003,53.55395785368092,344.4813268401305,0.31428963797433035,bad
hold,344.6000061035156,344.75,344.75,344.6000061035156,1736,344.6000061035156,2025-08-12 05:36:00+00:00,344.6022688389392,344.533342999229,52.48307084382944,344.4939807739132,0.3000030517578125,bad
hold,344.5,344.70001220703125,344.70001220703125,344.5,1414,344.5,2025-08-12 05:37:00+00:00,344.58181507115137,344.5303118174809,50.31536698843361,344.4933124759932,0.30357578822544645,good
hold,344.3999938964844,344.5,344.6000061035156,344.29998779296875,4990,344.3999938964844,2025-08-12 05:38:00+00:00,344.545450836218,344.51846473375394,48.172644709319634,344.47083550806025,0.30357796805245535,good
sell,344.25,344.20001220703125,344.3500061035156,344.1000061035156,1875,344.25,2025-08-12 05:39:00+00:00,344.48636066897444,344.4940588488672,45.07232176244694,344.455866654164,0.2857208251953125,good
hold,344.1000061035156,344.29998779296875,344.29998779296875,343.95001220703125,4598,344.1000061035156,2025-08-12 05:40:00+00:00,344.4090897558827,344.45823587201704,42.15087659802166,344.44161156254955,0.28571864536830355,good
hold,343.70001220703125,343.95001220703125,343.95001220703125,343.70001220703125,3935,343.70001220703125,2025-08-12 05:41:00+00:00,344.26727424611244,344.3893064479274,35.53601201777845,344.3942754113269,0.28928920200892855,bad
hold,344.3500061035156,343.8500061035156,344.8999938964844,343.8500061035156,19770,344.3500061035156,2025-08-12 05:42:00+00:00,344.28382061759305,344.38573368934453,49.425507672638254,344.4015219996659,0.35714503696986605,bad
hold,344.5,344.3500061035156,344.5,344.29998779296875,403,344.5,2025-08-12 05:43:00+00:00,344.32705649407444,344.39612153576775,51.9958843532737,344.4196391037979,0.35357448032924105,neutral
hold,344.45001220703125,344.5,344.5,344.3500061035156,680,344.45001220703125,2025-08-12 05:44:00+00:00,344.3516476366658,344.4010206877008,51.064435874775896,344.42141633320034,0.35000174386160715,neutral
hold,344.1000061035156,344.45001220703125,344.45001220703125,344.1000061035156,4412,344.1000061035156,2025-08-12 05:45:00+00:00,344.3013193300358,344.37365572550215,44.98758119764186,344.40675797085504,0.3428584507533482,neutral
hold,344.70001220703125,344.3500061035156,344.79998779296875,344.29998779296875,2092,344.70001220703125,2025-08-12 05:46:00+00:00,344.38105790543494,344.4033244965502,54.896668743068304,344.41285079319096,0.36785670689174105,neutral
buy,345.0,344.79998779296875,345.1000061035156,344.79998779296875,5018,345.0,2025-08-12 05:47:00+00:00,344.504846324348,344.4575677241366,58.88428509997951,344.4353686367196,0.36428397042410715,bad
hold,344.75,345.0,345.1000061035156,344.70001220703125,4136,344.75,2025-08-12 05:48:00+00:00,344.5538770594784,344.4841524764878,54.55551502483284,344.44480874615766,0.38213893345424105,neutral
hold,344.70001220703125,344.8999938964844,344.8999938964844,344.70001220703125,1658,344.70001220703125,2025-08-12 05:49:00+00:00,344.583104088989,344.5037760883554,53.70537299763293,344.4483289079315,0.37856619698660715,neutral
hold,344.3999938964844,344.70001220703125,344.70001220703125,344.3999938964844,1833,344.3999938964844,2025-08-12 05:50:00+00:00,344.5464820504881,344.49434134363986,48.7910728708593,344.4450501657334,0.3892822265625,good
hold,344.5,344.54998779296875,344.54998779296875,344.3500061035156,796,344.5,2025-08-12 05:51:00+00:00,344.5371856403905,344.4948557669453,50.41968131276326,344.4181465335392,0.38928004673549105,neutral
hold,344.5,344.3999938964844,344.6499938964844,344.3999938964844,6178,344.5,2025-08-12 05:52:00+00:00,344.5297485123124,344.4953234244957,50.41968131276326,344.4255176005004,0.38570731026785715,neutral
hold,344.54998779296875,344.5,344.70001220703125,344.3999938964844,1139,344.54998779296875,2025-08-12 05:53:00+00:00,344.5337963684437,344.5002929125387,51.317220041313554,344.4159181061746,0.38570949009486605,bad
hold,344.3999938964844,344.5,344.5,344.29998779296875,1334,344.3999938964844,2025-08-12 05:54:00+00:00,344.50703587405184,344.49117482017016,48.48118607686506,344.4136546708874,0.37856837681361605,good
sell,344.3500061035156,344.3999938964844,344.45001220703125,344.3500061035156,1187,344.3500061035156,2025-08-12 05:55:00+00:00,344.4756299199446,344.47834130047426,47.538283418604486,344.40329818919673,0.3571406773158482,good
hold,344.20001220703125,344.25,344.25,344.1000061035156,1560,344.20001220703125,2025-08-12 05:56:00+00:00,344.4205063773619,344.4530386556158,44.72728580656042,344.3937542077535,0.2892848423549107,good
hold,344.1499938964844,344.1499938964844,344.29998779296875,344.1499938964844,920,344.1499938964844,2025-08-12 05:57:00+00:00,344.36640388118644,344.4254891320584,43.79724104823649,344.3882883024406,0.2857121058872768,neutral
hold,344.1000061035156,344.1499938964844,344.1499938964844,344.0,4871,344.1000061035156,2025-08-12 05:58:00+00:00,344.3131243256523,344.3958997658272,42.83853483772251,344.3669032084244,0.2857121058872768,neutral
hold,344.25,344.0,344.25,344.0,1279,344.25,2025-08-12 05:59:00+00:00,344.3004994605219,344.38263615075203,46.614730871711394,344.36793086830465,0.27856881277901785,good
hold,344.5,344.1000061035156,344.5,344.1000061035156,1167,344.5,2025-08-12 06:00:00+00:00,344.3403995684175,344.3933055915928,52.27396474841332,344.3894639708585,0.25714111328125,neutral
hold,344.25,344.45001220703125,344.45001220703125,344.25,1614,344.25,2025-08-12 06:01:00+00:00,344.32231965473403,344.38027781053887,46.91774905983325,344.4295609592978,0.24642726353236608,neutral
hold,344.3500061035156,344.25,344.5,344.25,484,344.3500061035156,2025-08-12 06:02:00+00:00,344.32785694449035,344.3775258371731,49.16180619475912,344.46544166715347,0.23571341378348215,bad
hold,344.3500061035156,344.3500061035156,344.3500061035156,344.1499938964844,291,344.3500061035156,2025-08-12 06:03:00+00:00,344.3322867762954,344.37502404320423,49.16180619475912,344.4643274849416,0.23571559361049108,neutral
hold,344.3500061035156,344.1499938964844,344.3500061035156,344.1499938964844,2029,344.3500061035156,2025-08-12 06:04:00+00:00,344.33583064173945,344.3727496850507,49.16180619475912,344.4592767168627,0.22857230050223215,bad
hold,344.3500061035156,344.29998779296875,344.3500061035156,344.20001220703125,780,344.3500061035156,2025-08-12 06:05:00+00:00,344.33866573409466,344.3706820867293,49.16180619475912,344.49643350395274,0.22500174386160715,bad
hold,344.45001220703125,344.3500061035156,344.45001220703125,344.29998779296875,3935,344.45001220703125,2025-08-12 06:06:00+00:00,344.360935028682,344.37789391584766,51.89704392638211,344.48201585723695,0.21786063058035715,bad
buy,344.6000061035156,344.3999938964844,344.6000061035156,344.20001220703125,3978,344.6000061035156,2025-08-12 06:07:00+00:00,344.4087492436487,344.39808593290843,55.743117183862296,344.4302808326144,0.22500174386160715,good
hold,344.5,344.6000061035156,344.75,344.3999938964844,2548,344.5,2025-08-12 06:08:00+00:00,344.426999394919,344.40735084809853,52.71668147641181,344.4013600363281,0.23214503696986608,neutral
hold,344.79998779296875,344.6000061035156,344.8999938964844,344.6000061035156,1064,344.79998779296875,2025-08-12 06:09:00+00:00,344.50159707452895,344.443045115814,59.7721904219054,344.39953826584144,0.25357273646763395,good
hold,344.75,344.6000061035156,344.79998779296875,344.6000061035156,146,344.75,2025-08-12 06:10:00+00:00,344.5512776596232,344.4709501052855,58.213397562937445,344.4008876557133,0.25,neutral
hold,344.75,344.75,344.75,344.75,686,344.75,2025-08-12 06:11:00+00:00,344.5910221276985,344.4963182775323,58.213397562937445,344.40520595746455,0.23928615025111608,bad
hold,344.6000061035156,344.75,344.75,344.54998779296875,1929,344.6000061035156,2025-08-12 06:12:00+00:00,344.592818922862,344.5057444435308,53.36984344509562,344.39883492704496,0.24285888671875,good
hold,344.70001220703125,344.6000061035156,344.70001220703125,344.54998779296875,153,344.70001220703125,2025-08-12 06:13:00+00:00,344.61425757969585,344.5234051493035,55.99857108792071,344.3948892850343,0.2357177734375,neutral
hold,344.70001220703125,344.54998779296875,344.70001220703125,344.5,185,344.70001220703125,2025-08-12 06:14:00+00:00,344.63140850516294,344.5394603363697,55.99857108792071,344.3965006006512,0.22143336704799108,good
hold,344.6000061035156,344.70001220703125,344.70001220703125,344.6000061035156,105,344.6000061035156,2025-08-12 06:15:00+00:00,344.6251280248335,344.5449644970193,52.56203984673104,344.3990761976739,0.21071951729910715,bad
hold,344.5,344.6000061035156,344.70001220703125,344.5,1144,344.5,2025-08-12 06:16:00+00:00,344.60010241986686,344.54087681547213,49.30362141014897,344.4136113640197,0.20714896065848215,bad
hold,344.5,344.6000061035156,344.6499938964844,344.3500061035156,2044,344.5,2025-08-12 06:17:00+00:00,344.5800819358936,344.5371607413383,49.30362141014897,344.42738326340447,0.21429007393973215,bad
hold,344.5,344.3500061035156,344.5,344.20001220703125,636,344.5,2025-08-12 06:18:00+00:00,344.5640655487149,344.53378249212574,49.30362141014897,344.49001785478106,0.22143118722098215,bad
hold,344.6000061035156,344.5,344.6499938964844,344.3999938964844,2455,344.6000061035156,2025-08-12 06:19:00+00:00,344.57125365967505,344.5398028204339,52.946779730695546,344.5110971660333,0.22857448032924108,bad
sell,344.29998779296875,344.3500061035156,344.54998779296875,344.29998779296875,309,344.29998779296875,2025-08-12 06:20:00+00:00,344.5170004863338,344.5180014543007,42.97033529672981,344.50912536126185,0.239288330078125,good
hold,344.1499938964844,344.3999938964844,344.5,344.04998779296875,5172,344.1499938964844,2025-08-12 06:21:00+00:00,344.443599168364,344.4845462217719,39.01255948270211,344.4612684928832,0.24286106654575892,good
hold,344.0,344.0,344.0,343.8500061035156,21355,344.0,2025-08-12 06:22:00+00:00,344.3548793346912,344.44049656524714,35.492103855304805,344.2689683658993,0.239288330078125,good
hold,344.1000061035156,344.0,344.1000061035156,343.95001220703125,5343,344.1000061035156,2025-08-12 06:23:00+00:00,344.3039046884561,344.4095428869079,39.41746377840455,344.2524252672929,0.22143118722098215,neutral
hold,344.20001220703125,343.95001220703125,344.20001220703125,343.95001220703125,912,344.20001220703125,2025-08-12 06:24:00+00:00,344.28312619217115,344.39049464328275,43.14337389909348,344.2479464643327,0.22500392368861608,bad
hold,344.25,344.20001220703125,344.25,344.1000061035156,438,344.25,2025-08-12 06:25:00+00:00,344.27650095373696,344.3777224029843,44.96535242008283,344.24650327768984,0.2357177734375,good
hold,344.20001220703125,344.25,344.25,344.04998779296875,929,344.20001220703125,2025-08-12 06:26:00+00:00,344.2612032043959,344.3615669306249,43.46535643467733,344.230124828958,0.2357177734375,bad
hold,344.1000061035156,344.20001220703125,344.20001220703125,344.04998779296875,1499,344.1000061035156,2025-08-12 06:27:00+00:00,344.22896378421984,344.33778867361497,40.55088589989674,344.19615199034536,0.2357177734375,bad
hold,344.29998779296875,344.20001220703125,344.5,344.1499938964844,21891,344.29998779296875,2025-08-12 06:28:00+00:00,344.24316858596967,344.33435222991983,48.0521191389437,344.2180668207661,0.25000217982700895,neutral
hold,344.5,344.3500061035156,344.5,344.3500061035156,864,344.5,2025-08-12 06:29:00+00:00,344.2945348687757,344.34941111810895,54.26744244141973,344.2125594720226,0.25714547293526785,good
hold,344.3500061035156,344.6499938964844,344.6499938964844,344.3500061035156,3274,344.3500061035156,2025-08-12 06:30:00+00:00,344.3056291157237,344.34946520769137,49.48578840488679,344.21776864654447,0.26428658621651785,good
hold,344.5,344.45001220703125,344.5,344.3999938964844,994,344.5,2025-08-12 06:31:00+00:00,344.344503292579,344.3631501888103,53.86369313875936,344.2165879741661,0.25357273646763395,neutral
hold,344.45001220703125,344.45001220703125,344.45001220703125,344.29998779296875,628,344.45001220703125,2025-08-12 06:32:00+00:00,344.3656050754695,344.3710467359213,52.238813884688994,344.2081559657305,0.24643162318638392,good
buy,344.5,344.5,344.5,344.45001220703125,1612,344.5,2025-08-12 06:33:00+00:00,344.39248406037564,344.38276975992846,53.74161033315025,344.21366096758766,0.23214503696986608,good
hold,344.3999938964844,344.3500061035156,344.45001220703125,344.29998779296875,236,344.3999938964844,2025-08-12 06:34:00+00:00,344.3939860275974,344.3843355905245,50.32970723777456,344.21302065010326,0.22500174386160715,neutral
hold,344.45001220703125,344.29998779296875,344.45001220703125,344.29998779296875,343,344.45001220703125,2025-08-12 06:35:00+00:00,344.4051912634842,344.3903061920251,51.972062639850805,344.2135846867222,0.20357404436383927,good
hold,344.29998779296875,344.29998779296875,344.45001220703125,344.29998779296875,391,344.29998779296875,2025-08-12 06:36:00+00:00,344.3841505693811,344.3820954284745,46.95687471020145,344.2094644553328,0.19286237444196427,bad
hold,344.3500061035156,344.29998779296875,344.45001220703125,344.04998779296875,6419,344.3500061035156,2025-08-12 06:37:00+00:00,344.377321676208,344.37917821711454,48.73313173950681,344.2135368752322,0.21072169712611608,bad
hold,344.5,344.3500061035156,344.54998779296875,344.25,2032,344.5,2025-08-12 06:38:00+00:00,344.40185734096644,344.39016201555864,53.73631259138882,344.2187239474821,0.21429225376674108,good
hold,344.6000061035156,344.5,344.6000061035156,344.45001220703125,278,344.6000061035156,2025-08-12 06:39:00+00:00,344.44148709347627,344.40923875082746,56.76583449364577,344.207644631772,0.21429225376674108,good
hold,344.5,344.6000061035156,344.6000061035156,344.3999938964844,658,344.5,2025-08-12 06:40:00+00:00,344.453189674781,344.4174897734795,53.026361803809685,344.2098213309733,0.21429225376674108,neutral
hold,344.5,344.5,344.6000061035156,344.5,142,344.5,2025-08-12 06:41:00+00:00,344.4625517398248,344.42499070316313,53.026361803809685,344.2148133988308,0.21071951729910715,neutral
hold,344.6499938964844,344.6000061035156,344.6499938964844,344.5,1900,344.6499938964844,2025-08-12 06:42:00+00:00,344.5000401711567,344.4454455389196,57.85561032588779,344.32142748381153,0.19286237444196427,neutral
hold,344.54998779296875,344.6499938964844,344.70001220703125,344.3999938964844,4554,344.54998779296875,2025-08-12 06:43:00+00:00,344.5100296955191,344.4549493801968,53.87840774641996,344.365911183512,0.20000566755022323,bad
hold,344.70001220703125,344.5,344.70001220703125,344.5,2715,344.70001220703125,2025-08-12 06:44:00+00:00,344.5480261978216,344.47722781899995,58.48860662196581,344.3863444932674,0.19286455426897323,bad
hold,344.70001220703125,344.70001220703125,344.70001220703125,344.45001220703125,1611,344.70001220703125,2025-08-12 06:45:00+00:00,344.5784233996635,344.4974809451846,58.48860662196581,344.39701161758165,0.20000784737723215,bad
hold,344.70001220703125,344.45001220703125,344.70001220703125,344.45001220703125,845,344.70001220703125,2025-08-12 06:46:00+00:00,344.6027411611371,344.51589287807974,58.48860662196581,344.4053133978352,0.20357840401785715,bad
hold,344.75,344.79998779296875,345.1499938964844,344.70001220703125,12957,344.75,2025-08-12 06:47:00+00:00,344.63219292890966,344.5371753437089,60.14643151299126,344.4818358387533,0.23214939662388392,bad
hold,345.0,344.95001220703125,345.1499938964844,344.95001220703125,3527,345.0,2025-08-12 06:48:00+00:00,344.7057543431277,344.57925031246265,67.20129709245828,344.60816033999265,0.24643380301339285,bad
hold,345.5,345.1499938964844,345.5,345.0,14091,345.5,2025-08-12 06:49:00+00:00,344.86460347450225,344.66295482951153,76.25473049529036,344.82199254197747,0.2714320591517857,bad
hold,345.54998779296875,345.5,345.6000061035156,345.5,7047,345.54998779296875,2025-08-12 06:50:00+00:00,345.0016803381956,344.74359418982584,76.94005084705218,344.927985970578,0.2678593226841518,bad
hold,345.70001220703125,345.54998779296875,345.70001220703125,345.54998779296875,3825,345.70001220703125,2025-08-12 06:51:00+00:00,345.1413467119627,344.830541282299,78.90759831890266,344.9793211335323,0.25000217982700895,neutral
hold,345.75,345.6499938964844,345.8500061035156,345.6499938964844,6900,345.75,2025-08-12 06:52:00+00:00,345.26307736957017,344.91412843845364,79.53418705179959,345.0577042500018,0.24286106654575892,bad
hold,345.79998779296875,345.75,345.79998779296875,345.6499938964844,2273,345.79998779296875,2025-08-12 06:53:00+00:00,345.3704594542499,344.9946611070459,80.16863194507769,345.09325673191324,0.24286106654575892,bad
hold,346.04998779296875,345.75,346.04998779296875,345.75,17335,346.04998779296875,2025-08-12 06:54:00+00:00,345.50636512199367,345.09059989667526,83.00603120764013,345.2796768533758,0.25000217982700895,bad
hold,345.8999938964844,345.8999938964844,345.8999938964844,345.6000061035156,5088,345.8999938964844,2025-08-12 06:55:00+00:00,345.58509087689185,345.1641811693852,75.9818471080919,345.3160530119692,0.2750004359654018,neutral
hold,345.5,345.8999938964844,345.8999938964844,345.3999938964844,2991,345.5,2025-08-12 06:56:00+00:00,345.5680727015136,345.19471015398653,61.126570925666414,345.32580181780764,0.30000087193080355,bad
hold,345.5,345.5,345.6000061035156,345.5,1499,345.5,2025-08-12 06:57:00+00:00,345.55445816121085,345.2224637763514,61.126570925666414,345.39651707949264,0.2857142857142857,bad
hold,345.5,345.5,345.54998779296875,345.25,2572,345.5,2025-08-12 06:58:00+00:00,345.5435665289687,345.24769434213766,61.126570925666414,345.4190138553856,0.2928553989955357,good
hold,345.5,345.3999938964844,345.5,345.29998779296875,2126,345.5,2025-08-12 06:59:00+00:00,345.534853223175,345.27063122012515,61.126570925666414,345.42323821198704,0.2892848423549107,neutral
hold,345.75,345.75,345.75,345.6000061035156,1524,345.75,2025-08-12 07:00:00+00:00,345.57788257854,345.3142102001138,66.61391025941374,345.43481120782485,0.2892848423549107,neutral
hold,345.8500061035156,345.75,346.0,345.6499938964844,8670,345.8500061035156,2025-08-12 07:01:00+00:00,345.6323072835351,345.36291891860486,68.52775984822466,345.4706832206759,0.2821437290736607,good
hold,345.79998779296875,345.8999938964844,345.95001220703125,345.75,3047,345.79998779296875,2025-08-12 07:02:00+00:00,345.66584338542185,345.40265245263794,66.47523087315645,345.4950441886478,0.2678593226841518,good
hold,345.5,345.6000061035156,345.79998779296875,345.5,1762,345.5,2025-08-12 07:03:00+00:00,345.6326747083375,345.4115022296709,55.69977921422876,345.53715657540164,0.25357273646763395,bad
hold,345.70001220703125,345.70001220703125,345.75,345.5,336,345.70001220703125,2025-08-12 07:04:00+00:00,345.64614220807624,345.43773040943086,60.31830569722758,345.5604261898254,0.26428658621651785,neutral
hold,345.54998779296875,345.5,345.79998779296875,345.5,3721,345.54998779296875,2025-08-12 07:05:00+00:00,345.6269113250548,345.44793562611613,55.633176955193775,345.5736172845577,0.27499825613839285,bad
hold,345.79998779296875,345.5,345.8500061035156,345.5,1444,345.79998779296875,2025-08-12 07:06:00+00:00,345.6615266186376,345.47994036855727,61.060937056574126,345.58398449441466,0.2857121058872768,good
hold,345.75,345.79998779296875,345.79998779296875,345.6499938964844,776,345.75,2025-08-12 07:07:00+00:00,345.6792212949101,345.50449124414297,59.49367455289405,345.70473857624944,0.2857121058872768,good
hold,345.8999938964844,345.6000061035156,345.8999938964844,345.6000061035156,1052,345.8999938964844,2025-08-12 07:08:00+00:00,345.72337581522504,345.54044603071947,62.5960216343347,345.73529093896155,0.2857121058872768,bad
hold,345.8999938964844,345.8500061035156,345.8999938964844,345.79998779296875,843,345.8999938964844,2025-08-12 07:09:00+00:00,345.7586994314769,345.57313220033444,62.5960216343347,345.7814526796051,0.26071384974888395,bad
hold,345.8500061035156,345.8999938964844,345.8999938964844,345.70001220703125,1085,345.8500061035156,2025-08-12 07:10:00+00:00,345.7769607658846,345.5983025551691,60.796303662161534,345.8062172837241,0.23928397042410715,bad
hold,345.79998779296875,345.8500061035156,345.8500061035156,345.6499938964844,5262,345.79998779296875,2025-08-12 07:11:00+00:00,345.78156617130145,345.6166375767872,58.9693244181323,345.8115291324709,0.24642726353236608,bad
hold,345.75,345.6499938964844,345.79998779296875,345.6000061035156,2143,345.75,2025-08-12 07:12:00+00:00,345.7752529370412,345.6287614334429,57.12185042799578,345.8159944039955,0.23928397042410715,bad
hold,345.6000061035156,345.75,345.75,345.6000061035156,797,345.6000061035156,2025-08-12 07:13:00+00:00,345.7402035703361,345.6261473125404,51.87054476743808,345.8138755762737,0.23571123395647323,bad
hold,345.3500061035156,345.6000061035156,345.70001220703125,345.3500061035156,6079,345.3500061035156,2025-08-12 07:14:00+00:00,345.66216407697203,345.60104356626545,44.52360533770649,345.682992190218,0.24285452706473215,bad
sell,345.0,345.29998779296875,345.5,345.0,5943,345.0,2025-08-12 07:15:00+00:00,345.52973126157764,345.5464032420595,36.68863291521593,345.5867944098493,0.25356837681361605,good
hold,344.8999938964844,344.8999938964844,345.0,344.75,6048,344.8999938964844,2025-08-12 07:16:00+00:00,345.403783788559,345.4876387560981,34.804061304106966,345.5181493178333,0.25713893345424105,good
hold,344.8999938964844,344.8500061035156,345.0,344.79998779296875,945,344.8999938964844,2025-08-12 07:17:00+00:00,345.30302581014405,345.4342164961332,34.804061304106966,345.5082347464805,0.24999782017299108,bad
hold,344.95001220703125,344.79998779296875,344.95001220703125,344.79998779296875,1304,344.95001220703125,2025-08-12 07:18:00+00:00,345.2324230895215,345.3901979243966,36.690412189015966,345.4953631194841,0.24285670689174108,neutral
hold,344.8500061035156,344.95001220703125,344.95001220703125,344.75,2323,344.8500061035156,2025-08-12 07:19:00+00:00,345.1559396923203,345.34108957704376,34.53867240934704,345.4679781318957,0.23571559361049108,neutral
hold,344.8500061035156,344.79998779296875,344.8500061035156,344.75,356,344.8500061035156,2025-08-12 07:20:00+00:00,345.0947529745594,345.29644562490483,34.53867240934704,345.45593053160843,0.21785845075334823,bad
hold,344.8500061035156,344.8500061035156,344.95001220703125,344.8500061035156,20268,344.8500061035156,2025-08-12 07:21:00+00:00,345.04580360035067,345.2558602138694,34.53867240934704,345.2163982046175,0.21428789411272323,bad
hold,344.6000061035156,344.75,344.75,344.29998779296875,4497,344.6000061035156,2025-08-12 07:22:00+00:00,344.9566441009837,345.1962371129282,29.19319666295145,345.1484698522593,0.232147216796875,good
hold,344.75,344.6000061035156,344.75,344.54998779296875,2182,344.75,2025-08-12 07:23:00+00:00,344.91531528078696,345.15567010266204,35.63016510917707,345.1263812916702,0.23929050990513392,good
hold,344.70001220703125,344.70001220703125,344.70001220703125,344.5,391,344.70001220703125,2025-08-12 07:24:00+00:00,344.8722546660358,345.11424665760467,34.50437955070794,345.1210528655202,0.24286324637276785,good
hold,344.54998779296875,344.70001220703125,344.75,344.5,1237,344.54998779296875,2025-08-12 07:25:00+00:00,344.80780129142244,345.0629503971832,31.3072153653432,345.0856165537113,0.24643380301339285,bad
hold,344.5,344.5,344.6499938964844,344.45001220703125,2947,344.5,2025-08-12 07:26:00+00:00,344.74624103313795,345.0117730883484,30.29978065938356,345.0441387106162,0.24643380301339285,bad
hold,344.70001220703125,344.5,344.70001220703125,344.45001220703125,3474,344.70001220703125,2025-08-12 07:27:00+00:00,344.7369952679166,344.9834311900468,38.78747934923584,345.01893858580394,0.2535770961216518,bad
hold,344.8500061035156,344.6000061035156,344.8500061035156,344.6000061035156,1305,344.8500061035156,2025-08-12 07:28:00+00:00,344.7595974350364,344.9713016367258,44.268464050636254,345.0024134007052,0.24643380301339285,good
hold,344.70001220703125,344.70001220703125,344.8500061035156,344.70001220703125,489,344.70001220703125,2025-08-12 07:29:00+00:00,344.7476803894354,344.946638961299,40.3751686303129,344.9893184381044,0.22143336704799108,bad
hold,344.8500061035156,344.79998779296875,344.8500061035156,344.70001220703125,2426,344.8500061035156,2025-08-12 07:30:00+00:00,344.7681455322515,344.937854156046,45.53380184588522,344.9712569486605,0.21429007393973215,good
hold,345.0,344.79998779296875,345.0,344.79998779296875,838,345.0,2025-08-12 07:31:00+00:00,344.8145164258012,344.94350377822366,50.17606928835414,344.90554148275965,0.21429007393973215,neutral
hold,345.0,344.8500061035156,345.0,344.8500061035156,971,345.0,2025-08-12 07:32:00+00:00,344.8516131406409,344.9486397983852,50.17606928835414,344.87903800571235,0.21428789411272323,good
hold,344.8999938964844,345.0,345.1499938964844,344.8999938964844,2366,344.8999938964844,2025-08-12 07:33:00+00:00,344.8612892918096,344.9442174436669,47.073631482411,344.8711296182327,0.21785845075334823,good
hold,345.0,345.0,345.0,344.8999938964844,465,345.0,2025-08-12 07:34:00+00:00,344.8890314334477,344.9492885851517,50.37783535874144,344.8242161599602,0.21785845075334823,good
hold,344.8999938964844,344.8500061035156,345.0,344.75,3865,344.8999938964844,2025-08-12 07:35:00+00:00,344.89122392605503,344.9448072498183,47.20417919154399,344.8114079685758,0.22857230050223215,good
hold,344.79998779296875,344.8999938964844,345.0,344.75,244,344.79998779296875,2025-08-12 07:36:00+00:00,344.8729766994378,344.9316418446502,44.20516791416708,344.80122601227083,0.20714242117745535,neutral
hold,344.95001220703125,345.0,345.0,344.79998779296875,1460,344.95001220703125,2025-08-12 07:37:00+00:00,344.8883838009565,344.9333118775939,49.398880255365874,344.8035457432805,0.20714242117745535,good
hold,344.95001220703125,345.0,345.0,344.79998779296875,203,344.95001220703125,2025-08-12 07:38:00+00:00,344.90070948217146,344.9348300893609,49.398880255365874,344.8004627988068,0.20357186453683035,good
hold,344.95001220703125,344.95001220703125,344.95001220703125,344.79998779296875,175,344.95001220703125,2025-08-12 07:39:00+00:00,344.9105700271434,344.9362102818764,49.39888025536587,344.798690077054,0.19643075125558035,neutral
hold,345.0,344.95001220703125,345.0,344.8500061035156,564,345.0,2025-08-12 07:40:00+00:00,344.92845602171474,344.9420093471603,51.28597625515509,344.8005815991046,0.19286019461495535,bad
hold,345.0,344.95001220703125,345.0,344.95001220703125,1446,345.0,2025-08-12 07:41:00+00:00,344.9427648173718,344.9472812246912,51.28597625515509,344.77796702158963,0.1785736083984375,bad
buy,345.0,344.95001220703125,345.0,344.95001220703125,711,345.0,2025-08-12 07:42:00+00:00,344.95421185389745,344.9520738406284,51.28597625515508,344.8124839601043,0.16428702218191965,bad
hold,345.0,345.0,345.0,345.0,1112,345.0,2025-08-12 07:43:00+00:00,344.963369483118,344.9564307642076,51.28597625515509,344.82540530737515,0.15357317243303573,bad
hold,344.8500061035156,345.0,345.1499938964844,344.75,5071,344.8500061035156,2025-08-12 07:44:00+00:00,344.9406968071975,344.9467557950538,44.57650576436773,344.8309451505153,0.17143031529017858,bad
hold,344.3999938964844,344.8500061035156,344.8500061035156,344.29998779296875,5116,344.3999938964844,2025-08-12 07:45:00+00:00,344.83255622505493,344.8970501679111,31.332485034074978,344.7782555691394,0.19643075125558035,neutral
hold,344.45001220703125,344.45001220703125,344.5,344.25,1680,344.45001220703125,2025-08-12 07:46:00+00:00,344.7560474214502,344.8564103532857,33.69067005467615,344.78615911270526,0.20357404436383927,neutral
hold,344.29998779296875,344.45001220703125,344.45001220703125,344.20001220703125,4233,344.29998779296875,2025-08-12 07:47:00+00:00,344.66483549575395,344.80582648416595,30.32658018744688,344.73553479358804,0.20357404436383927,good
hold,344.3500061035156,344.25,344.3500061035156,344.25,1483,344.3500061035156,2025-08-12 07:48:00+00:00,344.6018696173063,344.7643882677432,32.73803567313239,344.71488286315576,0.20357404436383927,neutral
hold,344.3999938964844,344.25,344.45001220703125,344.25,462,344.3999938964844,2025-08-12 07:49:00+00:00,344.561494473142,344.73126150671965,35.153594704893735,344.7109217570895,0.20000348772321427,bad
hold,344.29998779296875,344.3999938964844,344.3999938964844,344.25,2020,344.29998779296875,2025-08-12 07:50:00+00:00,344.50919313710733,344.6920548054695,32.62895989296237,344.67706630596723,0.19286019461495535,bad
hold,344.29998779296875,344.29998779296875,344.29998779296875,344.20001220703125,1386,344.29998779296875,2025-08-12 07:51:00+00:00,344.46735206827964,344.6564123497876,32.62895989296237,344.65442339058416,0.1857147216796875,bad
hold,344.29998779296875,344.29998779296875,344.29998779296875,344.20001220703125,383,344.29998779296875,2025-08-12 07:52:00+00:00,344.4338792132175,344.62401011734954,32.62895989296237,344.6407406000012,0.17856924874441965,bad
hold,344.20001220703125,344.29998779296875,344.29998779296875,344.20001220703125,807,344.20001220703125,2025-08-12 07:53:00+00:00,344.3871058119803,344.58546485277515,29.943873258712216,344.61127331566723,0.17499433244977677,bad
hold,344.04998779296875,344.04998779296875,344.1000061035156,344.0,4058,344.04998779296875,2025-08-12 07:54:00+00:00,344.319682208178,344.5367851200655,26.429151445471533,344.54387962177964,0.17856706891741073,bad
hold,344.0,344.20001220703125,344.20001220703125,344.0,2328,344.0,2025-08-12 07:55:00+00:00,344.2557457665424,344.4879864727868,25.3609923793519,344.46825334305385,0.18928309849330358,bad
hold,343.8500061035156,344.1499938964844,344.20001220703125,343.8500061035156,6714,343.8500061035156,2025-08-12 07:56:00+00:00,344.17459783393707,344.42998825739846,22.43142265969821,344.3660642391217,0.21071297781808035,good
hold,344.0,343.6000061035156,344.0,343.6000061035156,7001,344.0,2025-08-12 07:57:00+00:00,344.1396782671497,344.3908984158168,31.0133939490006,344.29332384401937,0.23928397042410715,bad
hold,343.75,344.0,344.0,343.6000061035156,1872,343.75,2025-08-12 07:58:00+00:00,344.0617426137198,344.3326349234697,25.874947714129632,344.26966356731964,0.23928397042410715,good
hold,343.6499938964844,343.75,343.75,343.6000061035156,820,343.6499938964844,2025-08-12 07:59:00+00:00,343.9793928702727,344.2705766482893,24.151130672762463,344.2569331363611,0.21071079799107142,neutral
hold,343.6499938964844,343.6499938964844,343.75,343.6499938964844,2372,343.6499938964844,2025-08-12 08:00:00+00:00,343.913513075515,344.2141600344889,24.151130672762463,344.22054058446525,0.1999969482421875,bad
hold,343.75,343.70001220703125,343.75,343.70001220703125,596,343.75,2025-08-12 08:01:00+00:00,343.880810460412,344.17196366771714,29.591241440257008,344.1925158855463,0.18928309849330358,bad
hold,343.75,343.75,343.75,343.70001220703125,376,343.75,2025-08-12 08:02:00+00:00,343.8546483683296,344.1336033342883,29.591241440257008,344.1776730878245,0.18571036202566965,neutral
hold,343.75,343.70001220703125,343.75,343.70001220703125,1556,343.75,2025-08-12 08:03:00+00:00,343.8337186946637,344.09873030389844,29.591241440257008,344.1462850230771,0.17499433244977677,neutral
hold,343.5,343.3500061035156,343.6000061035156,343.25,13827,343.5,2025-08-12 08:04:00+00:00,343.7669749557309,344.0443002762713,24.177091919106843,343.93466287697805,0.19999476841517858,bad
hold,343.3999938964844,343.5,343.5,343.29998779296875,2727,343.3999938964844,2025-08-12 08:05:00+00:00,343.69357874388163,343.98572696901795,22.4106751406206,343.86696255766094,0.20714024135044642,bad
hold,343.3500061035156,343.6000061035156,343.75,343.3500061035156,3350,343.3500061035156,2025-08-12 08:06:00+00:00,343.62486421580843,343.9279341630632,21.562641235463275,343.8205126504754,0.22857012067522323,good
hold,343.6000061035156,343.45001220703125,343.6499938964844,343.3500061035156,813,343.6000061035156,2025-08-12 08:07:00+00:00,343.6198925933499,343.8981225212861,34.84224502541436,343.780315200004,0.24285670689174108,good
hold,343.6000061035156,343.54998779296875,343.6000061035156,343.3999938964844,968,343.6000061035156,2025-08-12 08:08:00+00:00,343.61591529538305,343.8710210287615,34.84224502541436,343.76158879072875,0.24285670689174108,bad
hold,343.75,343.54998779296875,343.75,343.54998779296875,1049,343.75,2025-08-12 08:09:00+00:00,343.6427322363065,343.8600191170559,41.70921298078003,343.75600749199305,0.24285670689174108,bad
hold,343.6499938964844,343.6000061035156,343.79998779296875,343.6000061035156,1315,343.6499938964844,2025-08-12 08:10:00+00:00,343.64418456834204,343.8409259151858,38.77502083011476,343.73321121661354,0.23214067731584823,good
hold,343.45001220703125,343.70001220703125,343.70001220703125,343.45001220703125,6084,343.45001220703125,2025-08-12 08:11:00+00:00,343.6053500960799,343.8053883053535,33.67356569025824,343.69070519944654,0.22142682756696427,bad
hold,343.6000061035156,343.5,343.6000061035156,343.5,229,343.6000061035156,2025-08-12 08:12:00+00:00,343.60428129756707,343.78671719609554,40.044977021432246,343.68638789241845,0.20356968470982142,bad
hold,343.95001220703125,343.6000061035156,343.95001220703125,343.6000061035156,731,343.95001220703125,2025-08-12 08:13:00+00:00,343.6734274794599,343.8015621970897,51.70366938885032,343.6826151327833,0.21785627092633927,neutral
hold,344.0,343.95001220703125,344.04998779296875,343.8999938964844,2063,344.0,2025-08-12 08:14:00+00:00,343.73874198356793,343.81960199735425,53.10620117674272,343.66789390452595,0.22142682756696427,bad
hold,343.6499938964844,344.0,344.0,343.5,2523,343.6499938964844,2025-08-12 08:15:00+00:00,343.7209923661512,343.8041830790934,43.566269042996055,343.6535341545777,0.24999782017299108,bad
hold,344.04998779296875,343.45001220703125,344.04998779296875,343.45001220703125,4549,344.04998779296875,2025-08-12 08:16:00+00:00,343.7867914515147,343.826528962173,53.78400713582366,343.6623693625431,0.2892826625279018,neutral
hold,343.95001220703125,344.1000061035156,344.1000061035156,343.70001220703125,539,343.95001220703125,2025-08-12 08:17:00+00:00,343.81943560261806,343.83775471170554,51.28464803196284,343.61669611455085,0.31428309849330355,good
hold,343.79998779296875,343.70001220703125,343.8999938964844,343.6000061035156,1725,343.79998779296875,2025-08-12 08:18:00+00:00,343.8155460406882,343.8343213554567,47.70230221562807,343.61807820348537,0.30356924874441965,good
hold,343.75,343.79998779296875,343.8999938964844,343.6499938964844,637,343.75,2025-08-12 08:19:00+00:00,343.8024368325506,343.8266557776879,46.535882664439605,343.6192829613633,0.30713980538504465,good
hold,343.8999938964844,343.95001220703125,343.95001220703125,343.75,162,343.8999938964844,2025-08-12 08:20:00+00:00,343.8219482453373,343.8333228793967,50.45099892023189,343.61868558545774,0.2928553989955357,bad
hold,343.8999938964844,343.8999938964844,343.8999938964844,343.75,164,343.8999938964844,2025-08-12 08:21:00+00:00,343.83755737556675,343.8393838809501,50.45099892023189,343.6179776993216,0.2821415492466518,bad
hold,343.8999938964844,343.8999938964844,343.8999938964844,343.79998779296875,2627,343.8999938964844,2025-08-12 08:22:00+00:00,343.8500446797503,343.84489388236227,50.45099892023189,343.6324874638981,0.27499825613839285,bad
hold,343.8999938964844,343.8999938964844,343.8999938964844,343.70001220703125,714,343.8999938964844,2025-08-12 08:23:00+00:00,343.8600345230971,343.8499029745552,50.45099892023189,343.63266162593527,0.27499607631138395,bad
hold,343.79998779296875,343.8999938964844,343.8999938964844,343.79998779296875,2269,343.79998779296875,2025-08-12 08:24:00+00:00,343.84802517707146,343.8453652307745,47.34200037686844,343.69549082665054,0.26785496303013395,bad
hold,344.25,344.1000061035156,344.25,344.1000061035156,3346,344.25,2025-08-12 08:25:00+00:00,343.9284201416572,343.88215020979504,59.45110956701998,343.7697080735644,0.2821415492466518,bad
hold,344.20001220703125,344.29998779296875,344.29998779296875,343.95001220703125,1214,344.20001220703125,2025-08-12 08:26:00+00:00,343.982738554732,343.9110467549983,57.859463174004006,343.826894717427,0.2964259556361607,bad
hold,344.3999938964844,344.04998779296875,344.3999938964844,344.04998779296875,3130,344.3999938964844,2025-08-12 08:27:00+00:00,344.0661896230825,343.95549649513345,62.21747637442344,343.8817884649591,0.2964259556361607,bad
hold,344.70001220703125,344.29998779296875,344.70001220703125,344.29998779296875,6497,344.70001220703125,2025-08-12 08:28:00+00:00,344.19295413987226,344.0231797416696,67.6265156410501,344.0162404335428,0.3142852783203125,good
hold,344.79998779296875,344.8999938964844,344.8999938964844,344.54998779296875,3067,344.79998779296875,2025-08-12 08:29:00+00:00,344.3143608704916,344.09379865542405,69.20846089358594,344.07779921216263,0.30357142857142855,bad
hold,344.79998779296875,344.75,344.8500061035156,344.54998779296875,1176,344.79998779296875,2025-08-12 08:30:00+00:00,344.41148625498704,344.1579976679281,69.20846089358594,344.1102960533252,0.28214590890066965,bad
hold,344.70001220703125,344.70001220703125,344.70001220703125,344.54998779296875,987,344.70001220703125,2025-08-12 08:31:00+00:00,344.4691914453959,344.20727171693744,65.49661265908792,344.2302266060008,0.2714320591517857,bad
hold,344.70001220703125,344.54998779296875,344.70001220703125,344.5,975,344.70001220703125,2025-08-12 08:32:00+00:00,344.515355597723,344.25206630694595,65.49661265908792,344.2456342401248,0.2607182094029018,bad
hold,344.70001220703125,344.75,344.75,344.5,1597,344.70001220703125,2025-08-12 08:33:00+00:00,344.5522869195847,344.2927886614992,65.49661265908792,344.2692007504558,0.2607182094029018,bad
hold,344.25,344.70001220703125,344.70001220703125,344.1000061035156,1290,344.25,2025-08-12 08:34:00+00:00,344.49182953566776,344.2888987831811,50.32318961376912,344.2827404100481,0.28928920200892855,bad
hold,344.1000061035156,344.0,344.1000061035156,343.95001220703125,1296,344.1000061035156,2025-08-12 08:35:00+00:00,344.41346484923736,344.2717267213933,46.45973815226774,344.3185560048021,0.3000030517578125,bad
hold,344.1499938964844,344.20001220703125,344.20001220703125,344.0,472,344.1499938964844,2025-08-12 08:36:00+00:00,344.3607706586868,344.260660100947,47.89542015809774,344.3522638161733,0.30714634486607145,bad
hold,344.0,344.1499938964844,344.20001220703125,344.0,4289,344.0,2025-08-12 08:37:00+00:00,344.28861652694945,344.2369637281336,44.07618765366516,344.3178787949096,0.30714852469308035,bad
hold,343.95001220703125,344.0,344.1000061035156,343.79998779296875,1290,343.95001220703125,2025-08-12 08:38:00+00:00,344.22089566296586,344.2108772262152,42.84985984993182,344.3291375405744,0.3214351109095982,neutral
sell,343.6499938964844,343.8999938964844,343.95001220703125,343.6499938964844,1729,343.6499938964844,2025-08-12 08:39:00+00:00,344.10671530966954,344.1598878326033,36.31855959538646,344.3081057381329,0.3107212611607143,good
hold,343.54998779296875,343.54998779296875,343.54998779296875,343.3999938964844,1588,343.54998779296875,2025-08-12 08:40:00+00:00,343.99536980632945,344.1044423744547,34.43444727863148,344.2794586303812,0.3035801478794643,neutral
hold,343.6499938964844,343.54998779296875,343.6499938964844,343.54998779296875,1273,343.6499938964844,2025-08-12 08:41:00+00:00,343.9262946243604,344.0631288764574,37.90364433291014,344.2613555492591,0.28572300502232145,bad
hold,343.54998779296875,343.54998779296875,343.70001220703125,343.54998779296875,2178,343.54998779296875,2025-08-12 08:42:00+00:00,343.8510332580821,344.0164796870493,35.86025421116284,344.24649407090857,0.26786586216517855,bad
hold,343.70001220703125,343.79998779296875,343.8500061035156,343.5,1275,343.70001220703125,2025-08-12 08:43:00+00:00,343.82082904787194,343.9877099161386,40.99892028494708,344.2355173927146,0.26786586216517855,bad
hold,343.79998779296875,343.70001220703125,343.79998779296875,343.6000061035156,902,343.79998779296875,2025-08-12 08:44:00+00:00,343.8166607968913,343.97064426857776,44.20682137630411,344.25056298071723,0.2607203892299107,bad
hold,343.25,343.70001220703125,343.75,343.25,6873,343.25,2025-08-12 08:45:00+00:00,343.7033286375131,343.90513115325246,33.43655750761366,344.09104315072534,0.28214808872767855,bad
hold,342.8999938964844,343.0,343.0,342.6499938964844,14531,342.8999938964844,2025-08-12 08:46:00+00:00,343.5426616893073,343.81375503900085,28.65240149503508,343.781915699733,0.31071908133370535,good
hold,342.8999938964844,342.8999938964844,343.1499938964844,342.75,3636,342.8999938964844,2025-08-12 08:47:00+00:00,343.4141281307428,343.7306858442266,28.652401495035065,343.69159310469,0.3214329310825893,bad
hold,342.8999938964844,343.0,343.0,342.75,1369,342.8999938964844,2025-08-12 08:48:00+00:00,343.3113012838911,343.6551683944318,28.652401495035065,343.5441716727601,0.2964324951171875,bad
hold,342.8500061035156,342.8500061035156,343.0,342.8500061035156,1514,342.8500061035156,2025-08-12 08:49:00+00:00,343.21904224781605,343.5819718225304,27.939315459200174,343.44658897545685,0.28571864536830355,bad
hold,342.95001220703125,342.95001220703125,342.95001220703125,342.75,2504,342.95001220703125,2025-08-12 08:50:00+00:00,343.16523623965907,343.52452094839407,31.60658170637663,343.39161253197386,0.28571864536830355,bad
hold,342.8999938964844,342.75,342.8999938964844,342.6499938964844,8324,342.8999938964844,2025-08-12 08:51:00+00:00,343.11218777102414,343.4677457618568,30.76331607351814,343.30021750606613,0.2928619384765625,neutral
hold,343.3500061035156,342.75,343.3999938964844,342.75,2162,343.3500061035156,2025-08-12 08:52:00+00:00,343.15975143752246,343.4570421565531,44.98492002896863,343.27929696945966,0.31786019461495535,good
hold,343.29998779296875,343.3500061035156,343.6499938964844,343.04998779296875,4927,343.29998779296875,2025-08-12 08:53:00+00:00,343.1877987086117,343.44276448713634,43.90542677832296,343.24512998407647,0.3392878941127232,good
hold,343.5,343.29998779296875,343.6000061035156,343.29998779296875,659,343.5,2025-08-12 08:54:00+00:00,343.2502389668894,343.4479677155785,49.15926796272391,343.2271604823955,0.34286063058035715,good
hold,343.3999938964844,343.29998779296875,343.45001220703125,343.1000061035156,2357,343.3999938964844,2025-08-12 08:55:00+00:00,343.2801899528084,343.4436064592972,46.79907221562926,343.21582427416456,0.364288330078125,good
hold,343.04998779296875,343.25,343.45001220703125,342.8500061035156,5588,343.04998779296875,2025-08-12 08:56:00+00:00,343.2341495208405,343.4078229441764,39.62807732856716,343.1959944644172,0.3964298793247768,good
hold,343.29998779296875,343.04998779296875,343.3500061035156,342.95001220703125,1113,343.29998779296875,2025-08-12 08:57:00+00:00,343.2473171752662,343.3980197486121,45.993631510493,343.1453403549899,0.4000004359654018,neutral
hold,343.25,343.29998779296875,343.3500061035156,343.04998779296875,2864,343.25,2025-08-12 08:58:00+00:00,343.2478537402129,343.38456340782915,44.972557011010615,343.1343810956332,0.40714590890066965,bad
hold,343.5,343.25,343.6000061035156,343.25,3339,343.5,2025-08-12 08:59:00+00:00,343.2982829921704,343.39505764348104,50.84946278178196,343.1391553212916,0.3928615025111607,bad
hold,343.25,343.54998779296875,343.54998779296875,343.1000061035156,2531,343.25,2025-08-12 09:00:00+00:00,343.2886263937363,343.3818705849827,45.60429023795236,343.133836966006,0.38214547293526785,bad
hold,343.1499938964844,343.25,343.3500061035156,343.0,2235,343.1499938964844,2025-08-12 09:01:00+00:00,343.260899894286,343.3607908860283,43.66399396435644,343.12507640911656,0.37857491629464285,neutral
hold,342.95001220703125,343.0,343.1499938964844,342.8999938964844,2313,342.95001220703125,2025-08-12 09:02:00+00:00,343.198722356835,343.32344736975585,39.99910336768765,343.1063428773286,0.37857491629464285,bad
hold,342.6499938964844,342.6499938964844,342.8500061035156,342.6000061035156,6209,342.6499938964844,2025-08-12 09:03:00+00:00,343.08897666476486,343.26222432673114,35.222686287579606,343.0590696815757,0.3928615025111607,bad
hold,342.20001220703125,342.6000061035156,342.70001220703125,342.20001220703125,24246,342.20001220703125,2025-08-12 09:04:00+00:00,342.91118377321817,343.1656595885766,29.52747257619434,342.84257104455554,0.41428920200892855,bad
hold,342.6499938964844,342.3999938964844,342.70001220703125,342.20001220703125,6695,342.6499938964844,2025-08-12 09:05:00+00:00,342.8589457978714,343.11878088929546,39.97891179517345,342.8013106706794,0.4285736083984375,neutral
hold,342.79998779296875,342.45001220703125,342.8999938964844,342.45001220703125,2003,342.79998779296875,2025-08-12 09:06:00+00:00,342.84715419689087,343.0897996987203,43.01278292768454,342.7847192760493,0.41428702218191965,good
hold,342.54998779296875,342.75,342.79998779296875,342.54998779296875,2762,342.54998779296875,2025-08-12 09:07:00+00:00,342.7877209161064,343.0407258891065,39.43490764828956,342.7722654543146,0.38928658621651785,neutral
hold,343.25,342.5,343.25,342.5,8329,343.25,2025-08-12 09:08:00+00:00,342.8801767328852,343.05975080827864,51.58004263251888,342.813314624456,0.42142813546316965,bad
hold,343.1499938964844,343.0,343.20001220703125,343.0,1296,343.1499938964844,2025-08-12 09:09:00+00:00,342.934140165605,343.06795472538823,50.03631438456048,342.81743318287573,0.4107142857142857,bad
hold,342.95001220703125,343.20001220703125,343.20001220703125,342.8999938964844,2506,342.95001220703125,2025-08-12 09:10:00+00:00,342.93731457389026,343.0572326782649,47.00663463532296,342.8174360507514,0.38928658621651785,bad
hold,343.0,342.79998779296875,343.1499938964844,342.70001220703125,1973,343.0,2025-08-12 09:11:00+00:00,342.94985165911226,343.0520297075135,47.85653826566506,342.81363830102123,0.39285714285714285,bad
hold,342.79998779296875,342.79998779296875,343.0,342.79998779296875,940,342.79998779296875,2025-08-12 09:12:00+00:00,342.9198788858836,343.0291168061912,44.76307262539034,342.7998259823953,0.38571384974888395,bad
hold,342.6000061035156,342.8999938964844,342.8999938964844,342.6000061035156,3590,342.6000061035156,2025-08-12 09:13:00+00:00,342.85590432941,342.99010674231164,41.8502095683932,342.76174427360667,0.38214111328125,bad
hold,342.54998779296875,342.6000061035156,342.70001220703125,342.45001220703125,13023,342.54998779296875,2025-08-12 09:14:00+00:00,342.79472102212173,342.95009592873504,41.12930950244768,342.72791935940364,0.36785670689174105,bad
hold,342.1000061035156,342.3999938964844,342.5,341.54998779296875,26601,342.1000061035156,2025-08-12 09:15:00+00:00,342.6557780384005,342.8728150355333,35.24697421025334,342.57572387849734,0.4142848423549107,good
hold,342.1499938964844,342.1499938964844,342.45001220703125,341.8999938964844,2350,342.1499938964844,2025-08-12 09:16:00+00:00,342.55462121001733,342.8071040228924,36.336266093800376,342.5444998393263,0.4357147216796875,bad
hold,342.1000061035156,342.1499938964844,342.45001220703125,341.95001220703125,1584,342.1000061035156,2025-08-12 09:17:00+00:00,342.463698188717,342.74282239385815,35.689701674134184,342.5313390136107,0.44642857142857145,bad
hold,341.95001220703125,342.0,342.0,341.75,5739,341.95001220703125,2025-08-12 09:18:00+00:00,342.36096099237983,342.67074874051025,33.74913546482411,342.4864836985707,0.4357147216796875,good
hold,341.8500061035156,341.8999938964844,342.0,341.70001220703125,5938,341.8500061035156,2025-08-12 09:19:00+00:00,342.25877001460697,342.59613577351075,32.48103683395702,342.42817863610344,0.42142813546316965,good
hold,341.95001220703125,341.79998779296875,342.0,341.79998779296875,1720,341.95001220703125,2025-08-12 09:20:00+00:00,342.1970184530918,342.5373972674672,35.10690868698566,342.404397984168,0.4035731724330357,bad
hold,341.54998779296875,342.0,342.0,341.45001220703125,10760,341.54998779296875,2025-08-12 09:21:00+00:00,342.0676123210672,342.44763276978546,30.06938616684772,342.32122973461924,0.42500087193080355,good
hold,341.5,341.70001220703125,341.8500061035156,341.20001220703125,21393,341.5,2025-08-12 09:22:00+00:00,341.9540898568538,342.3614843361686,29.499740555900388,342.19411946532745,0.41785757882254465,bad
hold,341.75,341.5,342.0,341.5,1020,341.75,2025-08-12 09:23:00+00:00,341.9132718854831,342.3058948510624,36.027092256963854,342.17139106735914,0.4357147216796875,bad
hold,341.70001220703125,341.95001220703125,341.95001220703125,341.6000061035156,3228,341.70001220703125,2025-08-12 09:24:00+00:00,341.87061994979274,342.2508146106959,35.32286813721687,342.1534440514529,0.4392852783203125,neutral
hold,341.25,341.70001220703125,341.70001220703125,341.25,2866,341.25,2025-08-12 09:25:00+00:00,341.7464959598342,342.15983146426896,29.695369123752712,342.10400731489364,0.43928745814732145,bad
hold,341.70001220703125,341.25,341.70001220703125,341.25,13309,341.70001220703125,2025-08-12 09:26:00+00:00,341.7371992092736,342.118029713611,39.99115331802747,342.05229284967163,0.4571446010044643,bad
hold,341.95001220703125,341.6000061035156,342.0,341.54998779296875,6356,341.95001220703125,2025-08-12 09:27:00+00:00,341.7797618088251,342.10275539483104,44.82525959919233,342.03724145102,0.46786063058035715,bad
hold,341.29998779296875,341.8500061035156,341.8500061035156,341.29998779296875,9426,341.29998779296875,2025-08-12 09:28:00+00:00,341.6838070056539,342.0297765219345,36.57512434028786,341.9115175874087,0.49643380301339285,bad
hold,341.29998779296875,341.29998779296875,341.3500061035156,341.20001220703125,5167,341.29998779296875,2025-08-12 09:29:00+00:00,341.6070431631168,341.9634320920285,36.57512434028787,341.8773583365399,0.43571908133370535,bad
hold,340.1000061035156,341.29998779296875,341.6000061035156,340.1000061035156,56489,340.1000061035156,2025-08-12 09:30:00+00:00,341.30563575119663,341.7940297294364,26.23657314910075,341.3445219525114,0.5035749162946429,bad
hold,340.5,340.0,340.54998779296875,340.0,5611,340.5,2025-08-12 09:31:00+00:00,341.1445086009573,341.6763906631239,33.03182792929047,341.3039107665582,0.5071454729352679,bad
hold,339.70001220703125,340.5,340.5,339.70001220703125,35035,339.70001220703125,2025-08-12 09:32:00+00:00,340.85560932217214,341.4967198943882,27.562878476158872,341.05478597065047,0.5392870221819196,neutral
hold,339.25,339.70001220703125,339.70001220703125,339.1499938964844,10197,339.25,2025-08-12 09:33:00+00:00,340.5344874577377,341.29247263126194,25.0503514444745,340.9540730427086,0.5571463448660714,neutral
hold,339.25,339.29998779296875,339.3999938964844,339.25,7371,339.25,2025-08-12 09:34:00+00:00,340.2775899661902,341.10679330114726,25.0503514444745,340.8104465773811,0.5535736083984375,neutral
hold,339.25,339.45001220703125,339.5,339.1499938964844,6818,339.25,2025-08-12 09:35:00+00:00,340.0720719729522,340.93799391013386,25.0503514444745,340.59882904008043,0.5392892020089286,neutral
hold,339.04998779296875,339.25,339.5,339.04998779296875,11498,339.04998779296875,2025-08-12 09:36:00+00:00,339.86765513695553,340.7663569903916,23.84379456148605,340.50198302237663,0.5250047956194196,bad
hold,339.25,339.1000061035156,339.25,338.95001220703125,14746,339.25,2025-08-12 09:37:00+00:00,339.74412410956444,340.62850635490145,27.5992427135396,340.41253192279083,0.5107182094029018,bad
hold,339.70001220703125,338.95001220703125,339.75,338.95001220703125,9637,339.70001220703125,2025-08-12 09:38:00+00:00,339.7353017290578,340.54409779600417,35.32665800996601,340.3467685602491,0.5428597586495536,bad
hold,339.79998779296875,339.70001220703125,339.8500061035156,339.70001220703125,8868,339.79998779296875,2025-08-12 09:39:00+00:00,339.74823894184,340.4764514320919,36.93700723451975,340.2897324491332,0.5214298793247768,bad
hold,339.6000061035156,339.8500061035156,339.8500061035156,339.5,7372,339.6000061035156,2025-08-12 09:40:00+00:00,339.7185923741751,340.39677458403946,35.05662628755839,340.2576070286544,0.5142865862165179,bad
hold,335.8999938964844,339.6499938964844,339.6499938964844,335.8999938964844,176761,335.8999938964844,2025-08-12 09:41:00+00:00,338.954872678637,339.9879763397162,17.4035663025126,338.3596815555308,0.75,bad
hold,334.3500061035156,336.25,336.25,333.25,261985,334.3500061035156,2025-08-12 09:42:00+00:00,338.0338993636127,339.47543359097074,14.181818111297815,336.6501005842589,0.9178553989955357,bad
hold,331.1000061035156,334.20001220703125,335.1499938964844,331.1000061035156,141721,331.1000061035156,2025-08-12 09:43:00+00:00,336.6471207115933,338.7140310921112,10.00116794270386,335.6534917673258,1.1964263916015625,neutral
hold,327.3500061035156,331.25,332.25,322.79998779296875,444542,327.3500061035156,2025-08-12 09:44:00+00:00,334.78769778997776,337.6809379113297,7.319857347164387,332.65070704361733,1.764284406389509,bad
hold,328.5,327.3500061035156,331.20001220703125,327.20001220703125,305669,328.5,2025-08-12 09:45:00+00:00,333.5301582319822,336.8463071921179,14.858396270250466,331.8100684507553,2.010713849748884,good
hold,330.25,329.25,333.8500061035156,329.25,262641,330.25,2025-08-12 09:46:00+00:00,332.8741265855858,336.2466429019253,24.872795759906367,331.5072773709878,2.3357151576450894,bad
hold,329.0,329.70001220703125,330.29998779296875,328.54998779296875,111296,329.0,2025-08-12 09:47:00+00:00,332.0993012684687,335.5878571835685,22.809090366008405,331.3247885499511,2.4214281354631697,bad
hold,330.20001220703125,328.8500061035156,330.29998779296875,328.79998779296875,80871,330.20001220703125,2025-08-12 09:48:00+00:00,331.71944345618124,335.0980530947924,28.90737873928559,331.23061327806323,2.517857142857143,bad
hold,329.95001220703125,330.0,331.8500061035156,329.1499938964844,101255,329.95001220703125,2025-08-12 09:49:00+00:00,331.36555720635124,334.6300493777232,28.40392544078827,331.14242786808563,2.6857147216796875,bad
hold,328.25,329.6000061035156,329.95001220703125,328.1000061035156,154489,328.25,2025-08-12 09:50:00+00:00,330.742445765081,334.05004488883924,25.19105279697699,330.7009617678366,2.7857142857142856,neutral
hold,326.1000061035156,329.0,329.0,326.0,135331,326.1000061035156,2025-08-12 09:51:00+00:00,329.8139578327679,333.32731409017345,21.828232981570597,330.40480624750865,2.978572300502232,good
hold,325.8500061035156,326.25,327.1499938964844,325.70001220703125,73992,325.8500061035156,2025-08-12 09:52:00+00:00,329.0211674869175,332.6475588186591,21.469341241096515,330.1200364895109,3.025000435965402,neutral
hold,326.6499938964844,325.79998779296875,326.8500061035156,325.0,130302,326.6499938964844,2025-08-12 09:53:00+00:00,328.54693276883086,332.10232564391595,25.680262173640727,329.89722694137134,3.146429879324777,bad
hold,326.04998779296875,326.8500061035156,327.1000061035156,325.70001220703125,104395,326.04998779296875,2025-08-12 09:54:00+00:00,328.0475437736585,331.5521131120117,24.614204637370364,329.71226748234034,3.221429007393973,neutral
hold,326.25,326.1499938964844,326.29998779296875,325.6000061035156,77197,326.25,2025-08-12 09:55:00+00:00,327.6880350189268,331.0701028291016,25.721164302001924,329.5851700333011,3.003570556640625,neutral
hold,326.25,326.25,326.8500061035156,326.0,78862,326.25,2025-08-12 09:56:00+00:00,327.4004280151415,330.6319116628196,25.721164302001924,329.4465219789258,2.849999564034598,neutral
hold,323.70001220703125,326.5,326.6499938964844,323.70001220703125,195146,323.70001220703125,2025-08-12 09:57:00+00:00,326.66034485351946,330.00173898502067,21.132866041316333,329.0042355904688,2.771427699497768,neutral
hold,322.25,323.6499938964844,324.0,322.0,157694,322.25,2025-08-12 09:58:00+00:00,325.7782758828156,329.29703544092786,19.05167294965445,328.6161868610663,2.239283970424107,neutral
hold,323.45001220703125,322.20001220703125,323.5,322.0,170764,323.45001220703125,2025-08-12 09:59:00+00:00,325.3126231476587,328.76548787420995,25.58332340482116,328.3068279619492,2.0607125418526784,neutral
