action,close,open,high,low,volume,price,time,macd_line,macd_signal,macd_histogram,rsi_14,vwap,action_quality
hold,153.9499969482422,154.82000732421875,155.22500610351562,153.9499969482422,204997,153.9499969482422,2026-04-15 13:30:00+00:00,0.0,0.0,0.0,50.0,153.9499969482422,neutral
hold,153.92999267578125,153.89999389648438,153.93499755859375,153.50010681152344,17551,153.92999267578125,2026-04-15 13:31:00+00:00,0.0,0.0,0.0,50.0,153.94841933358845,good
hold,154.5,153.92999267578125,154.67999267578125,153.60000610351562,41157,154.5,2026-04-15 13:32:00+00:00,0.0,0.0,0.0,50.0,154.03450570088333,good
hold,154.4499969482422,154.5,154.77999877929688,154.4499969482422,7777,154.4499969482422,2026-04-15 13:33:00+00:00,0.0,0.0,0.0,50.0,154.04640805695377,good
hold,154.3000030517578,154.49000549316406,154.7299041748047,154.00999450683594,13628,154.3000030517578,2026-04-15 13:34:00+00:00,0.0,0.0,0.0,50.0,154.05852966822377,good
hold,154.86000061035156,154.52000427246094,154.92999267578125,154.30999755859375,11815,154.86000061035156,2026-04-15 13:35:00+00:00,0.0,0.0,0.0,50.0,154.09042115321571,neutral
hold,154.5800018310547,154.60000610351562,155.0,154.5749969482422,10125,154.5800018310547,2026-04-15 13:36:00+00:00,0.0,0.0,0.0,50.0,154.1065651179222,good
hold,154.38999938964844,154.5,154.6699981689453,154.3000030517578,16199,154.38999938964844,2026-04-15 13:37:00+00:00,0.0,0.0,0.0,50.0,154.12076887962817,neutral
hold,154.3300018310547,154.3000030517578,154.52999877929688,154.0,14208,154.3300018310547,2026-04-15 13:38:00+00:00,0.0,0.0,0.0,50.0,154.1295782442994,neutral
hold,154.33999633789062,153.92999267578125,154.69000244140625,153.92999267578125,21722,154.33999633789062,2026-04-15 13:39:00+00:00,0.0,0.0,0.0,50.0,154.14230365928466,neutral
hold,153.92999267578125,154.3300018310547,154.3300018310547,153.86000061035156,11579,153.92999267578125,2026-04-15 13:40:00+00:00,0.0,0.0,0.0,50.0,154.13567305690256,good
hold,153.90499877929688,153.9199981689453,154.1199951171875,153.75,20425,153.90499877929688,2026-04-15 13:41:00+00:00,0.0,0.0,0.0,50.0,154.12362876530477,neutral
hold,152.85000610351562,153.77999877929688,153.77999877929688,152.83999633789062,29977,152.85000610351562,2026-04-15 13:42:00+00:00,0.0,0.0,0.0,50.0,154.03297583878646,good
hold,152.64500427246094,152.95010375976562,153.08999633789062,152.44000244140625,18850,152.64500427246094,2026-04-15 13:43:00+00:00,0.0,0.0,0.0,50.0,153.97351522647028,good
hold,153.38499450683594,152.63999938964844,153.8000030517578,152.5500030517578,26347,153.38499450683594,2026-04-15 13:44:00+00:00,0.0,0.0,0.0,43.468152214562416,153.94026654488042,good
hold,153.2449951171875,153.39500427246094,153.39500427246094,152.88999938964844,6063,153.2449951171875,2026-04-15 13:45:00+00:00,0.0,0.0,0.0,42.00389909147078,153.93134348771497,good
hold,153.1343994140625,153.38999938964844,153.47000122070312,152.75,7154,153.1343994140625,2026-04-15 13:46:00+00:00,0.0,0.0,0.0,40.833698029947975,153.9194551495171,neutral
hold,152.83999633789062,153.04554748535156,153.27000427246094,152.75,8138,152.83999633789062,2026-04-15 13:47:00+00:00,0.0,0.0,0.0,37.81368603367215,153.90144321663658,neutral
hold,153.05999755859375,153.0399932861328,153.27000427246094,153.0399932861328,4705,153.05999755859375,2026-04-15 13:48:00+00:00,0.0,0.0,0.0,41.30704611155551,153.89340327930483,neutral
hold,152.72000122070312,153.08999633789062,153.25999450683594,152.72000122070312,11083,152.72000122070312,2026-04-15 13:49:00+00:00,0.0,0.0,0.0,37.77529393083671,153.8675744510715,good
hold,152.63999938964844,152.72509765625,152.88999938964844,152.60000610351562,9418,152.63999938964844,2026-04-15 13:50:00+00:00,0.0,0.0,0.0,36.97421480778553,153.8450341972132,good
hold,151.8699951171875,152.57000732421875,152.57000732421875,151.75999450683594,46270,151.8699951171875,2026-04-15 13:51:00+00:00,0.0,0.0,0.0,30.311479159130386,153.68160962760015,good
hold,152.0124969482422,151.91000366210938,152.0124969482422,151.50779724121094,9977,152.0124969482422,2026-04-15 13:52:00+00:00,0.0,0.0,0.0,32.72751346243693,153.65235143849517,good
hold,152.1999969482422,152.0,152.36000061035156,151.97500610351562,35912,152.1999969482422,2026-04-15 13:53:00+00:00,0.0,0.0,0.0,35.87756297406946,153.5661525671879,good
hold,152.625,152.38999938964844,152.89999389648438,152.25,14080,152.625,2026-04-15 13:54:00+00:00,0.0,0.0,0.0,42.45508501625036,153.5447501956634,good
hold,152.4250030517578,152.75,152.75,152.38999938964844,28095,152.4250030517578,2026-04-15 13:55:00+00:00,-0.7421351288467974,0.0,-0.7421351288467974,40.357164908573,153.4961457942741,good
hold,151.97999572753906,152.41250610351562,152.52000427246094,151.77000427246094,46715,151.97999572753906,2026-04-15 13:56:00+00:00,-0.7434366483824704,0.0,-0.7434366483824704,36.08441588422969,153.3940848167816,neutral
hold,152.49000549316406,151.9499969482422,152.58999633789062,151.94500732421875,68493,152.49000549316406,2026-04-15 13:57:00+00:00,-0.6952996051952596,0.0,-0.6952996051952596,43.47115653123517,153.31286992667256,good
hold,152.83999633789062,152.4499969482422,152.83999633789062,152.44000244140625,10306,152.83999633789062,2026-04-15 13:58:00+00:00,-0.6217422577604736,0.0,-0.6217422577604736,47.919365964528026,153.30656344423676,good
hold,153.06500244140625,152.71499633789062,153.16000366210938,152.61000061035156,15144,153.06500244140625,2026-04-15 13:59:00+00:00,-0.5390772706549285,0.0,-0.5390772706549285,50.61012819975941,153.30192052838743,good
hold,152.7100067138672,153.32000732421875,153.41000366210938,152.6999969482422,30919,152.7100067138672,2026-04-15 14:00:00+00:00,-0.4964866718926828,0.0,-0.4964866718926828,46.52592286715296,153.2795698504911,good
hold,152.74000549316406,152.72500610351562,152.88999938964844,152.60000610351562,12215,152.74000549316406,2026-04-15 14:01:00+00:00,-0.4550669363727309,0.0,-0.4550669363727309,46.91577574618066,153.27163912886294,good
hold,152.89999389648438,152.8000030517578,152.89999389648438,152.43499755859375,18429,152.89999389648438,2026-04-15 14:02:00+00:00,-0.4046670209697538,0.0,-0.4046670209697538,49.04920392139114,153.26357642411836,good
hold,152.35150146484375,152.6999969482422,152.89999389648438,152.35150146484375,5563,152.35150146484375,2026-04-15 14:03:00+00:00,-0.4043226997909528,-0.5669149155406722,0.1625922157497193,42.71159851897728,153.25764231959124,good
hold,152.8800048828125,152.52000427246094,152.94000244140625,152.51499938964844,57896,152.8800048828125,2026-04-15 14:04:00+00:00,-0.3572854495731121,-0.5249890223471602,0.167703572774048,49.48456840196972,153.23369344164664,good
hold,152.74249267578125,152.85000610351562,152.85000610351562,152.52999877929688,41945,152.74249267578125,2026-04-15 14:05:00+00:00,-0.3273309088001213,-0.4854573996377524,0.1581264908376311,47.89782617611444,153.21211640489295,good
hold,152.94940185546875,152.72999572753906,153.0,152.47000122070312,21065,152.94940185546875,2026-04-15 14:06:00+00:00,-0.2836264091447731,-0.4450912015391566,0.1614647923943835,50.47128285409315,153.20644590194954,good
hold,152.72000122070312,152.91000366210938,153.02000427246094,152.72000122070312,11070,152.72000122070312,2026-04-15 14:07:00+00:00,-0.2644525479813637,-0.4089634708275981,0.1445109228462343,47.660549769916805,153.20099009936416,good
hold,152.55999755859375,152.72000122070312,152.73500061035156,152.47000122070312,15872,152.55999755859375,2026-04-15 14:08:00+00:00,-0.2591804127312116,-0.3790068592083208,0.1198264464771092,45.74692340887909,153.1908455227161,good
hold,152.5050048828125,152.55999755859375,152.55999755859375,152.3699951171875,44933,152.5050048828125,2026-04-15 14:09:00+00:00,-0.2564830796176807,-0.3545021032901928,0.0980190236725121,45.07701890666728,153.16143496965884,good
hold,152.375,152.5,152.63999938964844,152.25999450683594,10835,152.375,2026-04-15 14:10:00+00:00,-0.2618176602275923,-0.3359652146776727,0.0741475544500804,43.45689153842217,153.15338603299577,good
hold,152.47500610351562,152.36500549316406,152.64999389648438,152.25999450683594,12526,152.47500610351562,2026-04-15 14:11:00+00:00,-0.2550358030434552,-0.3197793323508293,0.064743529307374,45.091760747658206,153.1454532832598,good
hold,152.1199951171875,152.4600067138672,152.55999755859375,152.11000061035156,7361,152.1199951171875,2026-04-15 14:12:00+00:00,-0.2751359559761397,-0.3108506570758914,0.0357147010997517,40.6036051930269,153.1384545585401,good
hold,152.28500366210938,152.17999267578125,152.4250030517578,152.07000732421875,20481,152.28500366210938,2026-04-15 14:13:00+00:00,-0.2745854117447379,-0.3035976080096607,0.0290121962649227,43.42240673709535,153.12254990911626,good
hold,152.1999969482422,152.3175048828125,152.5,152.05999755859375,18293,152.1999969482422,2026-04-15 14:14:00+00:00,-0.2778060575500376,-0.2984392979177361,0.0206332403676984,42.308463289282464,153.10744558175833,good
hold,152.10499572753906,152.1999969482422,152.25900268554688,152.01010131835938,12057,152.10499572753906,2026-04-15 14:15:00+00:00,-0.2847419195042846,-0.2956998222350458,0.0109579027307611,41.04130447273179,153.09674356391446,good
hold,152.15249633789062,152.09249877929688,152.27000427246094,152.00999450683594,13255,152.15249633789062,2026-04-15 14:16:00+00:00,-0.2831418547452244,-0.2931882287370815,0.010046373991857,41.977051126954464,153.0857898415813,good
hold,152.5399932861328,152.22000122070312,152.64500427246094,152.22000122070312,23706,152.5399932861328,2026-04-15 14:17:00+00:00,-0.247750117484486,-0.2841006064865624,0.0363504890020763,49.07732938089754,153.07469637570972,good
hold,152.61500549316406,152.58999633789062,152.75999450683594,152.49000549316406,19696,152.61500549316406,2026-04-15 14:18:00+00:00,-0.2112143054801833,-0.2695233462852866,0.0583090408051032,50.3440908639529,153.06706242503014,good
hold,152.61000061035156,152.69500732421875,152.7899932861328,152.59500122070312,7061,152.61000061035156,2026-04-15 14:19:00+00:00,-0.1805816308239229,-0.2517350031930139,0.0711533723690909,50.25426461736892,153.06435741628525,good
hold,152.75999450683594,152.52000427246094,152.8300018310547,152.52000427246094,11247,152.75999450683594,2026-04-15 14:20:00+00:00,-0.1425584366491818,-0.2298996898842475,0.0873412532350656,52.96295365782811,153.06151504298995,good
hold,152.85440063476562,152.7899932861328,152.89999389648438,152.6999969482422,9995,152.85440063476562,2026-04-15 14:21:00+00:00,-0.1036126140660371,-0.2046422747206054,0.1010296606545683,54.637181675989865,153.05981030991887,good
hold,152.75,152.7899932861328,152.86000061035156,152.6699981689453,9352,152.75,2026-04-15 14:22:00+00:00,-0.0802469904387237,-0.1797632178642291,0.0995162274255054,52.4153031972565,153.05744258201378,good
hold,152.9199981689453,152.7449951171875,152.9199981689453,152.6699981689453,8728,152.9199981689453,2026-04-15 14:23:00+00:00,-0.0474649870491532,-0.1533035717012139,0.1058385846520607,55.58275093853458,153.05646919260826,good
hold,153.0850067138672,152.9250030517578,153.16000366210938,152.9250030517578,12635,153.0850067138672,2026-04-15 14:24:00+00:00,-0.0080770949177235,-0.1242582763445158,0.1161811814267923,58.47228029345008,153.0567587978684,good
hold,153.13999938964844,153.0399932861328,153.1999969482422,152.97500610351562,5143,153.13999938964844,2026-04-15 14:25:00+00:00,0.0272612915144634,-0.09395436277272,0.1212156542871834,59.4197669247624,153.0571012314572,good
hold,153.25999450683594,153.06500244140625,153.35000610351562,153.06500244140625,13309,153.25999450683594,2026-04-15 14:26:00+00:00,0.0642096515829564,-0.0623215599015847,0.1265312114845412,61.48472579746336,153.05923840044298,good
hold,153.1999969482422,153.38999938964844,153.38999938964844,153.1999969482422,5451,153.1999969482422,2026-04-15 14:27:00+00:00,0.0876399329843309,-0.0323292613244016,0.1199691943087325,59.844969869559954,153.05984305472674,good
hold,153.25,153.1999969482422,153.2899932861328,153.1699981689453,14893,153.25,2026-04-15 14:28:00+00:00,0.1089870928209393,-0.0040659904953334,0.1130530833162727,60.783669271465214,153.06204894111448,good
hold,153.42999267578125,153.25,153.5,153.19000244140625,17174,153.42999267578125,2026-04-15 14:29:00+00:00,0.1388284475379464,0.0245128971113225,0.1143155504266238,64.04220607186186,153.06690596866542,good
hold,153.33999633789062,153.5,153.5,153.30999755859375,7687,153.33999633789062,2026-04-15 14:30:00+00:00,0.1534471406891953,0.0502997458268971,0.1031473948622982,61.29957238359157,153.068510035648,good
hold,153.44000244140625,153.36000061035156,153.49000549316406,153.34500122070312,7815,153.44000244140625,2026-04-15 14:31:00+00:00,0.1711295422626051,0.0744657051140387,0.0966638371485664,63.18625097705958,153.07071525833103,good
hold,153.22999572753906,153.4600067138672,153.4600067138672,153.0500030517578,24409,153.22999572753906,2026-04-15 14:32:00+00:00,0.1662804091439511,0.0928286459200212,0.0734517632239299,56.91179862647664,153.07361465544386,good
hold,153.36000061035156,153.27000427246094,153.39999389648438,153.15499877929688,19042,153.36000061035156,2026-04-15 14:33:00+00:00,0.1709570572195957,0.1084543281799361,0.0625027290396596,59.58716765288736,153.0776245743194,good
hold,153.36000061035156,153.35000610351562,153.36000061035156,153.24000549316406,8060,153.36000061035156,2026-04-15 14:34:00+00:00,0.1726728691623975,0.1212980363764284,0.0513748327859691,59.58716765288736,153.07928824702964,good
hold,153.7449951171875,153.3699951171875,153.82000732421875,153.3699951171875,22612,153.7449951171875,2026-04-15 14:35:00+00:00,0.2027611967949383,0.1375906684601304,0.0651705283348079,66.69043992251298,153.09011273341576,good
hold,153.91000366210938,153.8699951171875,154.1300048828125,153.77000427246094,13316,153.91000366210938,2026-04-15 14:36:00+00:00,0.2371870787595753,0.1575099505200194,0.0796771282395559,69.19002063495051,153.09788909364818,good
hold,153.7899932861328,153.91000366210938,154.02000427246094,153.72500610351562,9456,153.7899932861328,2026-04-15 14:37:00+00:00,0.2518824596652109,0.1763844523490577,0.0754980073161532,65.34910342194235,153.10251940472813,good
hold,153.66000366210938,153.74000549316406,153.75999450683594,153.64999389648438,8318,153.66000366210938,2026-04-15 14:38:00+00:00,0.2501559366957906,0.1911387492184043,0.0590171874773862,61.374841853231466,153.10578103250057,good
hold,153.52999877929688,153.66000366210938,153.68499755859375,153.5,12062,153.52999877929688,2026-04-15 14:39:00+00:00,0.2355817079718178,0.200027340969087,0.0355543670027308,57.601825230099095,153.10934983080733,good
hold,153.88499450683594,153.6649932861328,153.9600067138672,153.6649932861328,11305,153.88499450683594,2026-04-15 14:40:00+00:00,0.2497972083710067,0.209981314449471,0.0398158939215357,64.09302908074993,153.11541770241908,good
hold,153.8000030517578,153.9199981689453,153.9199981689453,153.74000549316406,3447,153.8000030517578,2026-04-15 14:41:00+00:00,0.2513080717160392,0.2182466659027846,0.0330614058132545,61.659077514472784,153.11704676284054,good
hold,153.80999755859375,153.8699951171875,153.97000122070312,153.65379333496094,5328,153.80999755859375,2026-04-15 14:42:00+00:00,0.2504251695064283,0.2246823666235133,0.0257428028829149,61.84258377374878,153.11958621737284,good
hold,153.9499969482422,153.8800048828125,153.9600067138672,153.6699981689453,12907,153.9499969482422,2026-04-15 14:43:00+00:00,0.2580476313995632,0.2313554195787233,0.0266922118208398,64.4120380753971,153.12689346086577,good
hold,153.90499877929688,153.95989990234375,153.95989990234375,153.75259399414062,4730,153.90499877929688,2026-04-15 14:44:00+00:00,0.2574893344324209,0.2365822025494628,0.020907131882958,62.94488388495556,153.1293945928033,good
hold,153.7550048828125,153.85000610351562,153.85989379882812,153.75,3687,153.7550048828125,2026-04-15 14:45:00+00:00,0.2421522458134859,0.2376962112022675,0.0044560346112184,58.18715926469294,153.13095819868292,good
hold,153.8300018310547,153.8300018310547,153.8300018310547,153.6699981689453,4485,153.8300018310547,2026-04-15 14:46:00+00:00,0.2333591010765019,0.2368287891771144,-0.0034696881006124,59.82238496950732,153.1330770409815,good
hold,153.75,153.8350067138672,153.83999633789062,153.72000122070312,11803,153.75,2026-04-15 14:47:00+00:00,0.2174286096904438,0.2329487532797803,-0.0155201435893364,57.25029146805832,153.13795911929094,good
hold,153.48500061035156,153.72000122070312,153.74000549316406,153.46499633789062,9066,153.48500061035156,2026-04-15 14:48:00+00:00,0.1813300841061504,0.2226250194450543,-0.0412949353389038,49.63721692563569,153.1400558692546,good
hold,153.73500061035156,153.4600067138672,153.75,153.4600067138672,10859,153.73500061035156,2026-04-15 14:49:00+00:00,0.17092434372978,0.2122848843019995,-0.0413605405722194,55.63149631159041,153.14433036076787,good
hold,153.6999969482422,153.72500610351562,153.75999450683594,153.63999938964844,8706,153.6999969482422,2026-04-15 14:50:00+00:00,0.15803152744067,0.2014342129297336,-0.0434026854890635,54.65069484788224,153.147512773487,neutral
hold,153.3800048828125,153.64999389648438,153.69500732421875,153.35499572753906,7314,153.3800048828125,2026-04-15 14:51:00+00:00,0.1206029564397965,0.1852679616317462,-0.0646650051919496,46.56796546757895,153.14862604768018,good
hold,153.13999938964844,153.49000549316406,153.49000549316406,153.131103515625,39539,153.13999938964844,2026-04-15 14:52:00+00:00,0.0707584474381235,0.1623660587930216,-0.0916076113548981,41.59853067049418,153.14840837288918,good
hold,152.83999633789062,153.1999969482422,153.27000427246094,152.83999633789062,9245,152.83999633789062,2026-04-15 14:53:00+00:00,0.0069682502459613,0.1312864970836096,-0.1243182468376482,36.37344576858482,153.14659943636627,good
hold,153.07000732421875,152.7899932861328,153.07000732421875,152.7899932861328,6601,153.07000732421875,2026-04-15 14:54:00+00:00,-0.0247407799865868,0.1000810416695703,-0.1248218216561572,42.35213749423485,153.14628001504937,good
hold,152.64999389648438,152.9665985107422,153.0,152.60499572753906,31172,152.64999389648438,2026-04-15 14:55:00+00:00,-0.0828074357432058,0.0635033461870151,-0.1463107819302209,35.746681990047634,153.1366949065739,good
hold,152.8699951171875,152.64999389648438,152.8699951171875,152.61000061035156,16200,152.8699951171875,2026-04-15 14:56:00+00:00,-0.1098076249466544,0.0288411519602812,-0.1386487769069356,40.94244682418713,153.134044573061,neutral
hold,152.72000122070312,152.7100067138672,152.80999755859375,152.64999389648438,9296,152.72000122070312,2026-04-15 14:57:00+00:00,-0.1416755754672465,-0.0052621935252243,-0.1364133819420221,38.64781978806493,153.13169691263928,good
hold,152.6699981689453,152.68499755859375,152.83090209960938,152.63999938964844,12242,152.6699981689453,2026-04-15 14:58:00+00:00,-0.1690176539302399,-0.0380132856062274,-0.1310043683240124,37.88553140240123,153.1282749631972,good
hold,152.55999755859375,152.66000366210938,152.72000122070312,152.55999755859375,5117,152.55999755859375,2026-04-15 14:59:00+00:00,-0.1972883606295283,-0.0698683006108876,-0.1274200600186407,36.19424523983822,153.12651989105726,good
hold,152.33999633789062,152.52000427246094,152.5800018310547,152.3000030517578,15963,152.33999633789062,2026-04-15 15:00:00+00:00,-0.2347394292320075,-0.1028425263351116,-0.1318969028968959,33.019366596570194,153.11901436412214,good
hold,152.0,152.36000061035156,152.49000549316406,152.0,36152,152.0,2026-04-15 15:01:00+00:00,-0.2885285563251329,-0.1399797323331159,-0.148548823992017,28.812976368327668,153.09534224658853,good
hold,152.2550048828125,152.25999450683594,152.39999389648438,152.22999572753906,15227,152.2550048828125,2026-04-15 15:02:00+00:00,-0.3070406902469642,-0.1733919239158855,-0.1336487663310786,35.45447239869978,153.08792086670124,good
hold,152.0,152.13999938964844,152.3699951171875,151.8000030517578,18603,152.0,2026-04-15 15:03:00+00:00,-0.3383877295240722,-0.2063910850375229,-0.1319966444865493,32.21748234636111,153.07630808585307,good
hold,152.15499877929688,151.9949951171875,152.1999969482422,151.9949951171875,20437,152.15499877929688,2026-04-15 15:04:00+00:00,-0.3467265302727753,-0.2344581740845734,-0.1122683561882019,36.03994815812413,153.06562946023504,good
hold,152.4199981689453,152.15499877929688,152.47999572753906,152.13999938964844,27563,152.4199981689453,2026-04-15 15:05:00+00:00,-0.3281689267817285,-0.2532003246240044,-0.074968602157724,42.05630239038603,153.0556921839319,good
hold,152.27999877929688,152.2899932861328,152.32000732421875,152.1199951171875,7070,152.27999877929688,2026-04-15 15:06:00+00:00,-0.3210577194968209,-0.2667718035985677,-0.0542859158982532,39.91991431980801,153.05264179926775,good
hold,152.14500427246094,152.16000366210938,152.28529357910156,152.14500427246094,5966,152.14500427246094,2026-04-15 15:07:00+00:00,-0.3225962759357514,-0.2779366980660045,-0.0446595778697469,37.91964725582796,153.0496398592288,good
hold,152.44000244140625,152.14500427246094,152.4499969482422,152.13999938964844,8107,152.44000244140625,2026-04-15 15:08:00+00:00,-0.2965927693445849,-0.2816679123217206,-0.0149248570228642,44.46796681717268,153.0469121968611,good
hold,152.44000244140625,152.43499755859375,152.52999877929688,152.33009338378906,8913,152.44000244140625,2026-04-15 15:09:00+00:00,-0.2728396770655195,-0.2799022652704804,0.0070625882049609,44.46796681717268,153.04394138080434,good
hold,152.52000427246094,152.5399932861328,152.5399932861328,152.42999267578125,4188,152.52000427246094,2026-04-15 15:10:00+00:00,-0.2447385079642856,-0.2728695138092414,0.0281310058449558,46.251145547277744,153.04273907256297,good
hold,152.65499877929688,152.52000427246094,152.67999267578125,152.4340057373047,6335,152.65499877929688,2026-04-15 15:11:00+00:00,-0.2091640870921765,-0.2601284284658284,0.0509643413736519,49.21455341407506,153.04139781357975,good
hold,152.67860412597656,152.67999267578125,152.75,152.60000610351562,9517,152.67860412597656,2026-04-15 15:12:00+00:00,-0.1770257059092159,-0.2435078839545059,0.06648217804529,49.73641418878537,153.03952224115037,good
hold,152.57000732421875,152.67999267578125,152.72999572753906,152.57000732421875,4255,152.57000732421875,2026-04-15 15:13:00+00:00,-0.1584916683031281,-0.2265046408242304,0.0680129725211023,47.32697768630521,153.03843951072355,good
hold,152.5229949951172,152.49000549316406,152.57000732421875,152.46499633789062,5640,152.5229949951172,2026-04-15 15:14:00+00:00,-0.1459147970779497,-0.2103866720749743,0.0644718749970245,46.281704580961865,153.0368687612124,good
hold,152.47000122070312,152.5800018310547,152.5800018310547,152.39999389648438,8807,152.47000122070312,2026-04-15 15:15:00+00:00,-0.1386256999507225,-0.1960344776501239,0.0574087776994014,45.07323017683172,153.03418407343852,good
hold,152.5399932861328,152.4600067138672,152.61000061035156,152.4199981689453,8202,152.5399932861328,2026-04-15 15:16:00+00:00,-0.1257516761848478,-0.1819779173570687,0.0562262411722209,47.04013619972533,153.03201393572604,good
hold,152.5749969482422,152.5449981689453,152.61000061035156,152.50999450683594,12078,152.5749969482422,2026-04-15 15:17:00+00:00,-0.1114398078674412,-0.1678702954591432,0.056430487591702,48.04220970664561,153.02907763226216,good
hold,152.6300048828125,152.60000610351562,152.63999938964844,152.5399932861328,6793,152.6300048828125,2026-04-15 15:18:00+00:00,-0.0945687389593672,-0.153209984159188,0.0586412451998208,49.65438013942393,153.02764075147937,good
hold,152.5399932861328,152.60000610351562,152.64999389648438,152.5399932861328,4704,152.5399932861328,2026-04-15 15:19:00+00:00,-0.0874533708723959,-0.1400586615018296,0.0526052906294337,47.08010190983285,153.02642792448495,good
hold,152.58999633789062,152.5500030517578,152.61000061035156,152.47999572753906,10658,152.58999633789062,2026-04-15 15:20:00+00:00,-0.0768931852409764,-0.127425566249659,0.0505323810086826,48.67207013999209,153.02398237170658,good
hold,152.61000061035156,152.6300048828125,152.66000366210938,152.61000061035156,3716,152.61000061035156,2026-04-15 15:21:00+00:00,-0.0661474774959742,-0.115169948498922,0.0490224710029478,49.32880113061481,153.02317514707926,good
hold,152.6999969482422,152.63999938964844,152.72000122070312,152.5749969482422,9208,152.6999969482422,2026-04-15 15:22:00+00:00,-0.049795463248671,-0.1020950514488718,0.0522995882002008,52.286550288192544,153.02162114528656,good
hold,152.86500549316406,152.7100067138672,152.89999389648438,152.60000610351562,27038,152.86500549316406,2026-04-15 15:23:00+00:00,-0.0232535115996199,-0.0863267434790215,0.0630732318794015,57.21752062197892,153.01944060180952,good
hold,152.6654052734375,152.89999389648438,152.93499755859375,152.64999389648438,18816,152.6654052734375,2026-04-15 15:24:00+00:00,-0.0181160626037524,-0.0726846073039676,0.0545685447002152,50.42850332877521,153.01604324413373,good
hold,152.77000427246094,152.8000030517578,152.85000610351562,152.72000122070312,13782,152.77000427246094,2026-04-15 15:25:00+00:00,-0.0055404651766082,-0.0592557788784957,0.0537153137018875,53.53959003184453,153.0143259620662,good
hold,152.6999969482422,152.7899932861328,152.7899932861328,152.6999969482422,6597,152.6999969482422,2026-04-15 15:26:00+00:00,-0.0012092797776119,-0.047646479058319,0.046437199280707,51.22250725344037,153.0132792965987,good
hold,152.69000244140625,152.6750030517578,152.74000549316406,152.6750030517578,2208,152.69000244140625,2026-04-15 15:27:00+00:00,0.0014005974657891,-0.0378370637534974,0.0392376612192865,50.8839362334932,153.01291940900444,good
hold,152.78500366210938,152.63999938964844,152.8625030517578,152.6300048828125,25486,152.78500366210938,2026-04-15 15:28:00+00:00,0.0110078568155529,-0.0280680796396873,0.0390759364552402,53.99659442315234,153.01002790247324,good
hold,152.69000244140625,152.76499938964844,152.8000030517578,152.6300048828125,9903,152.69000244140625,2026-04-15 15:29:00+00:00,0.0108310212435469,-0.0202882594630404,0.0311192807065874,50.54685196347443,153.00845803199203,good
hold,152.55999755859375,152.67999267578125,152.72000122070312,152.5175018310547,7176,152.55999755859375,2026-04-15 15:30:00+00:00,0.0001982845311943,-0.0161909506641935,0.0163892351953878,46.19723101478032,153.00686956537362,good
hold,152.5500030517578,152.50999450683594,152.60000610351562,152.46499633789062,8561,152.5500030517578,2026-04-15 15:31:00+00:00,-0.0089317494443719,-0.0147391104202292,0.0058073609758572,45.87043515385723,153.00494712005604,good
hold,152.375,152.4600067138672,152.5,152.375,7832,152.375,2026-04-15 15:32:00+00:00,-0.0299434810532659,-0.0177799845468365,-0.0121634965064293,40.47182105955686,153.00253139054342,good
hold,152.49989318847656,152.38999938964844,152.52999877929688,152.38999938964844,8309,152.49989318847656,2026-04-15 15:33:00+00:00,-0.0361014382922633,-0.0214442752959219,-0.0146571629963414,45.40972378419797,153.0004947588489,good
hold,152.4250030517578,152.41000366210938,152.49000549316406,152.3800048828125,7940,152.4250030517578,2026-04-15 15:34:00+00:00,-0.0464887782229936,-0.0264531758813362,-0.0200356023416574,43.100970450227095,152.99827508327746,good
hold,152.41000366210938,152.41000366210938,152.47999572753906,152.33999633789062,13542,152.41000366210938,2026-04-15 15:35:00+00:00,-0.0552937533745705,-0.0322212913799831,-0.0230724619945874,42.63343702141077,152.99443055612335,good
hold,152.11000061035156,152.47999572753906,152.52499389648438,152.11000061035156,8251,152.11000061035156,2026-04-15 15:36:00+00:00,-0.0854939773130922,-0.0428758285666049,-0.0426181487464873,34.55882963318969,152.99092282318435,good
hold,152.33999633789062,152.32000732421875,152.47000122070312,152.25999450683594,7139,152.33999633789062,2026-04-15 15:37:00+00:00,-0.0898335935602006,-0.052267381565324,-0.0375662119948765,43.40804113125041,152.9886967570866,good
hold,152.47000122070312,152.47999572753906,152.5399932861328,152.3820037841797,8475,152.47000122070312,2026-04-15 15:38:00+00:00,-0.0818390732609373,-0.0581817199044467,-0.0236573533564905,47.71211001156016,152.9865994532386,good
hold,152.42999267578125,152.39999389648438,152.60000610351562,152.35499572753906,15364,152.42999267578125,2026-04-15 15:39:00+00:00,-0.0778344860315485,-0.0621122731298671,-0.0157222129016814,46.53905119740194,152.9825491262322,good
hold,152.48500061035156,152.40499877929688,152.50999450683594,152.32000732421875,11882,152.48500061035156,2026-04-15 15:40:00+00:00,-0.0694218888800151,-0.0635741962798967,-0.0058476926001184,48.41688016591229,152.97976476820944,good
hold,152.57000732421875,152.4499969482422,152.57000732421875,152.4499969482422,3050,152.57000732421875,2026-04-15 15:41:00+00:00,-0.0552585277390846,-0.0619110625717343,0.0066525348326496,51.265710493145605,152.97917700367444,good
hold,152.64999389648438,152.57000732421875,152.64999389648438,152.56500244140625,2218,152.64999389648438,2026-04-15 15:42:00+00:00,-0.0371514552372218,-0.0569591411048318,0.0198076858676099,53.8485243727493,152.97883398088118,good
hold,152.6699981689453,152.64999389648438,152.6699981689453,152.61000061035156,4192,152.6699981689453,2026-04-15 15:43:00+00:00,-0.0209458415965855,-0.0497564812031825,0.028810639606597,54.49802426832921,152.97822693943348,good
hold,152.6999969482422,152.66000366210938,152.6999969482422,152.57000732421875,7780,152.6999969482422,2026-04-15 15:44:00+00:00,-0.0056173716881176,-0.0409286593001695,0.0353112876120519,55.50920586507897,152.97721565911957,good
hold,152.69500732421875,152.69000244140625,152.74000549316406,152.67999267578125,5062,152.69500732421875,2026-04-15 15:45:00+00:00,0.0060580962290543,-0.0315313081943247,0.0375894044233791,55.28912234631693,152.97654984324274,good
hold,152.5800018310547,152.69500732421875,152.69500732421875,152.5800018310547,6684,152.5800018310547,2026-04-15 15:46:00+00:00,0.0059622770943406,-0.0240325911365916,0.0299948682309323,50.33540190994401,152.97531831737726,good
hold,152.6300048828125,152.61000061035156,152.63999938964844,152.47000122070312,12451,152.6300048828125,2026-04-15 15:47:00+00:00,0.0098081063786423,-0.0172644516335448,0.0270725580121872,52.33504989416862,152.9733321136023,good
hold,152.55999755859375,152.63999938964844,152.63999938964844,152.53500366210938,12781,152.55999755859375,2026-04-15 15:48:00+00:00,0.0071248173459821,-0.0123865978376394,0.0195114151836216,49.33978310204249,152.97090597300948,good
hold,152.25,152.5500030517578,152.5500030517578,152.25,5665,152.25,2026-04-15 15:49:00+00:00,-0.0197878191040956,-0.0138668420909307,-0.0059209770131649,38.76096923977807,152.96903529286254,good
hold,152.14999389648438,152.31500244140625,152.3699951171875,152.02000427246094,16242,152.14999389648438,2026-04-15 15:50:00+00:00,-0.0486254106875776,-0.0208185558102601,-0.0278068548773175,36.07386029306398,152.96298679878996,good
hold,152.2899932861328,152.16000366210938,152.3000030517578,152.14999389648438,10254,152.2899932861328,2026-04-15 15:51:00+00:00,-0.0594967871336109,-0.0285542020749302,-0.0309425850586806,42.12284063952232,152.95986369793573,good
hold,152.36000061035156,152.33999633789062,152.36000061035156,152.28500366210938,4599,152.36000061035156,2026-04-15 15:52:00+00:00,-0.0617515913957049,-0.0351936799390852,-0.0265579114566197,44.92910049559651,152.95861776580256,good
hold,152.2100067138672,152.3300018310547,152.3300018310547,152.2100067138672,7829,152.2100067138672,2026-04-15 15:53:00+00:00,-0.0747797791679261,-0.0431108997848534,-0.0316688793830727,40.40838701099106,152.95598016840916,good
hold,152.55999755859375,152.21499633789062,152.55999755859375,152.1699981689453,22690,152.55999755859375,2026-04-15 15:54:00+00:00,-0.0562153599894372,-0.0457317918257701,-0.0104835681636671,52.43480559129049,152.95197754832216,good
hold,152.43499755859375,152.5050048828125,152.6300048828125,152.43499755859375,25655,152.43499755859375,2026-04-15 15:55:00+00:00,-0.0510014662172295,-0.046785726704062,-0.0042157395131675,48.65784819402886,152.94613578255243,good
hold,152.19000244140625,152.42999267578125,152.5,152.1649932861328,9088,152.19000244140625,2026-04-15 15:56:00+00:00,-0.0658790634509216,-0.0506043940534339,-0.0152746693974876,42.23629174841221,152.94312117933333,good
hold,152.19500732421875,152.25,152.27999877929688,152.14999389648438,5408,152.19500732421875,2026-04-15 15:57:00+00:00,-0.0763852921309933,-0.0557605736689458,-0.0206247184620474,42.4035180288903,152.94135050495203,good
hold,152.3300018310547,152.19500732421875,152.39999389648438,152.19500732421875,5121,152.3300018310547,2026-04-15 15:58:00+00:00,-0.0729773876498143,-0.0592039364651195,-0.0137734511846947,46.87123878650712,152.939983387578,good
hold,152.1999969482422,152.33999633789062,152.37660217285156,152.13999938964844,7931,152.1999969482422,2026-04-15 15:59:00+00:00,-0.079846485757514,-0.0633324463235984,-0.0165140394339156,43.38127718647085,152.93742943828664,good
hold,152.26499938964844,152.17010498046875,152.3300018310547,152.1699981689453,9634,152.26499938964844,2026-04-15 16:00:00+00:00,-0.0791329463763759,-0.0664925463341539,-0.0126404000422219,45.563789917590654,152.9346220830906,good
hold,152.2949981689453,152.28500366210938,152.3699951171875,152.28500366210938,3568,152.2949981689453,2026-04-15 16:01:00+00:00,-0.0752790405768735,-0.0682498451826978,-0.0070291953941756,46.58708663711477,152.9336346170778,good
hold,152.30999755859375,152.35000610351562,152.35000610351562,152.1699981689453,6225,152.30999755859375,2026-04-15 16:02:00+00:00,-0.0702051853992884,-0.0686409132260159,-0.0015642721732724,47.12231707645832,152.93195938221504,good
hold,152.32000732421875,152.24000549316406,152.33999633789062,152.21499633789062,4394,152.32000732421875,2026-04-15 16:03:00+00:00,-0.0646313838239791,-0.0678390073456086,0.0032076235216294,47.50039868142895,152.93080124720015,good
hold,152.27000427246094,152.2949981689453,152.3800048828125,152.27000427246094,3792,152.27000427246094,2026-04-15 16:04:00+00:00,-0.0635167527149178,-0.0669745564194704,0.0034578037045526,45.74095392797736,152.92972376678227,good
hold,152.27999877929688,152.25,152.2899932861328,152.25,2895,152.27999877929688,2026-04-15 16:05:00+00:00,-0.0611223459991094,-0.0658041143353982,0.0046817683362888,46.170145443619326,152.92891595376366,good
hold,152.3300018310547,152.24749755859375,152.3300018310547,152.24000549316406,2711,152.3300018310547,2026-04-15 16:06:00+00:00,-0.0545609879362416,-0.0635554890555669,0.0089945011193253,48.37051968547519,152.92821945326727,good
hold,152.33999633789062,152.27000427246094,152.33999633789062,152.22999572753906,8870,152.33999633789062,2026-04-15 16:07:00+00:00,-0.0480012625503434,-0.0604446437545222,0.0124433812041788,48.82083434940808,152.9259897671759,good
hold,152.32000732421875,152.30499267578125,152.3800048828125,152.30499267578125,3030,152.32000732421875,2026-04-15 16:08:00+00:00,-0.0439094188224089,-0.0571375987680995,0.0132281799456906,47.9206006468501,152.92520612337202,good
hold,152.2050018310547,152.3699951171875,152.3699951171875,151.8968963623047,18347,152.2050018310547,2026-04-15 16:09:00+00:00,-0.0493773934894079,-0.0555855577123612,0.0062081642229533,43.006987142838845,152.9196104884966,good
hold,152.1750030517578,152.1999969482422,152.1999969482422,152.1199951171875,2918,152.1750030517578,2026-04-15 16:10:00+00:00,-0.05549177890191,-0.055566801950271,7.502304836098928e-05,41.802908317844825,152.91869151088417,good
hold,151.99000549316406,152.22000122070312,152.22000122070312,151.99000549316406,5430,151.99000549316406,2026-04-15 16:11:00+00:00,-0.0744075068604672,-0.0593349429323102,-0.0150725639281569,35.248879921607255,152.91656354462086,good
hold,151.82000732421875,152.125,152.125,151.82000732421875,5997,151.82000732421875,2026-04-15 16:12:00+00:00,-0.1019406803409026,-0.0678560904140287,-0.0340845899268738,30.51442541659213,152.91379556237786,good
hold,151.9700927734375,151.97999572753906,152.1199951171875,151.9700927734375,2952,151.9700927734375,2026-04-15 16:13:00+00:00,-0.1103779094224535,-0.0763604542157137,-0.0340174552067397,38.38313077279438,152.9126244174521,good
hold,152.0800018310547,152.0500030517578,152.0800018310547,151.97500610351562,3823,152.0800018310547,2026-04-15 16:14:00+00:00,-0.1069627320619019,-0.0824809097849513,-0.0244818222769506,43.434828076859695,152.9112883939192,good
hold,151.9949951171875,152.10000610351562,152.20989990234375,151.9949951171875,10347,151.9949951171875,2026-04-15 16:15:00+00:00,-0.1098492371499162,-0.0879545752579443,-0.0218946618919718,40.65836423980558,152.9073262652622,good
hold,152.05999755859375,152.05999755859375,152.27999877929688,152.0572052001953,15402,152.05999755859375,2026-04-15 16:16:00+00:00,-0.1056735208856309,-0.0914983643834816,-0.0141751565021493,43.62589155375412,152.90190722671224,good
hold,152.4499969482422,152.15499877929688,152.49000549316406,152.05999755859375,16333,152.4499969482422,2026-04-15 16:17:00+00:00,-0.0700866292435193,-0.0872160173554892,0.0171293881119698,57.392817352161785,152.89886300743993,good
hold,152.42999267578125,152.5,152.5,152.35000610351562,3602,152.42999267578125,2026-04-15 16:18:00+00:00,-0.0430022358256962,-0.0783732610495306,0.0353710252238343,56.62891292507673,152.8981674876321,good
hold,152.31500244140625,152.39500427246094,152.39500427246094,152.3000030517578,3192,152.31500244140625,2026-04-15 16:19:00+00:00,-0.0304652256527617,-0.0687916539701768,0.038326428317415,52.31812612306497,152.89740189651835,good
hold,152.2812957763672,152.30499267578125,152.3800048828125,152.25,3065,152.2812957763672,2026-04-15 16:20:00+00:00,-0.0229844504986829,-0.059630213275878,0.0366457627771951,51.090412048804126,152.89662621865722,good
hold,152.3699951171875,152.31500244140625,152.3699951171875,152.30499267578125,3662,152.3699951171875,2026-04-15 16:21:00+00:00,-0.0097857823723757,-0.0496613270951776,0.0398755447228019,54.14017930215847,152.89583523510808,good
hold,152.5500030517578,152.41749572753906,152.5500030517578,152.25,12548,152.5500030517578,2026-04-15 16:22:00+00:00,0.0150261806822697,-0.0367238255396881,0.0517500062219579,59.64034839542312,152.8940645018969,good
hold,152.5800018310547,152.54931640625,152.5800018310547,152.54931640625,3162,152.5800018310547,2026-04-15 16:23:00+00:00,0.0366875793649512,-0.0220415445587602,0.0587291239237115,60.49077879372011,152.8936598035665,neutral
hold,152.44000244140625,152.47000122070312,152.49000549316406,152.33999633789062,3695,152.44000244140625,2026-04-15 16:24:00+00:00,0.0420726261174309,-0.009218710423522,0.0512913365409529,54.69820368442495,152.89297771281016,good
hold,151.94000244140625,152.36000061035156,152.4149932861328,151.89999389648438,10850,151.94000244140625,2026-04-15 16:25:00+00:00,0.0059261798281227,-0.006189732373193,0.0121159122013157,39.97506948644469,152.8887888325795,good
hold,151.94000244140625,151.82000732421875,151.99000549316406,151.82000732421875,6629,151.94000244140625,2026-04-15 16:26:00+00:00,-0.0224612203111291,-0.0094440299607802,-0.0130171903503488,39.97506948644469,152.886247635898,good
hold,151.93499755859375,151.93499755859375,152.0399932861328,151.93499755859375,2911,151.93499755859375,2026-04-15 16:27:00+00:00,-0.0448453424643844,-0.0165242924615011,-0.0283210500028833,39.8505450034659,152.88513013410818,good
hold,151.80999755859375,151.8300018310547,152.07000732421875,151.7949981689453,40067,151.80999755859375,2026-04-15 16:28:00+00:00,-0.0718432120435181,-0.0275880763779045,-0.0442551356656136,36.769788100347725,152.86802234124,good
hold,151.7779998779297,151.8000030517578,151.9199981689453,151.75999450683594,18629,151.7779998779297,2026-04-15 16:29:00+00:00,-0.094729184535538,-0.0410162980094312,-0.0537128865261067,36.00251637938939,152.86001720194108,good
hold,151.5800018310547,151.75,151.8249969482422,151.52000427246094,8451,151.5800018310547,2026-04-15 16:30:00+00:00,-0.1273749708878426,-0.0582880325851135,-0.0690869383027291,31.60736847899311,152.85576687144027,good
hold,151.7100067138672,151.5850067138672,151.77000427246094,151.56500244140625,9488,151.7100067138672,2026-04-15 16:31:00+00:00,-0.1411298274250896,-0.0748563915531087,-0.0662734358719808,37.04205642802003,152.85151135988113,good
hold,151.66000366210938,151.7050018310547,151.7050018310547,151.66000366210938,1790,151.66000366210938,2026-04-15 16:32:00+00:00,-0.1542869547392342,-0.0907425041903338,-0.0635444505489004,35.8616880748708,152.8506770467878,good
hold,151.4949951171875,151.61000061035156,151.63999938964844,151.36000061035156,10175,151.4949951171875,2026-04-15 16:33:00+00:00,-0.1760000642840964,-0.1077940162090863,-0.06820604807501,32.21366774159532,152.84530244591312,good
hold,151.77000427246094,151.49000549316406,151.81500244140625,151.48500061035156,9720,151.77000427246094,2026-04-15 16:34:00+00:00,-0.1690680087856719,-0.1200488147244035,-0.0490191940612684,42.67925796863239,152.84124542258076,good
hold,151.89500427246094,151.8800048828125,151.97999572753906,151.84500122070312,21248,151.89500427246094,2026-04-15 16:35:00+00:00,-0.1517387002465966,-0.1263867918288421,-0.0253519084177545,46.70680734127343,152.83350499412285,good
hold,151.84500122070312,151.89999389648438,151.97999572753906,151.80999755859375,8891,151.84500122070312,2026-04-15 16:36:00+00:00,-0.140421238138316,-0.1291936810907369,-0.0112275570475791,45.33456841148089,152.8301329749064,neutral
hold,151.84500122070312,151.83999633789062,151.87649536132812,151.78500366210938,7666,151.84500122070312,2026-04-15 16:37:00+00:00,-0.1299540386159776,-0.129345752595785,-0.0006082860201925,45.33456841148089,152.82724396690705,good
hold,151.77000427246094,151.83999633789062,151.83999633789062,151.72000122070312,12299,151.77000427246094,2026-04-15 16:38:00+00:00,-0.1262549461022502,-0.1287275912970781,0.0024726451948279,43.13037724182228,152.82229299651087,good
hold,151.72999572753906,151.75,151.7899932861328,151.64500427246094,9930,151.72999572753906,2026-04-15 16:39:00+00:00,-0.125109558729406,-0.1280039847835437,0.0028944260541377,41.95836492167254,152.81817867494703,neutral
hold,151.3249969482422,151.60000610351562,151.6300048828125,151.3249969482422,9347,151.3249969482422,2026-04-15 16:40:00+00:00,-0.1550940204326991,-0.1334219919133747,-0.0216720285193243,32.369442914142866,152.81290326800243,good
hold,150.83999633789062,151.30499267578125,151.30499267578125,150.6999969482422,21624,150.83999633789062,2026-04-15 16:41:00+00:00,-0.2155081742119762,-0.149839228373095,-0.0656689458388811,25.000919518008445,152.7969084825596,good
hold,151.15499877929688,150.88499450683594,151.25999450683594,150.88499450683594,19074,151.15499877929688,2026-04-15 16:42:00+00:00,-0.2352568671836934,-0.1669227561352147,-0.0683341110484786,35.302197144945254,152.78525026459877,good
hold,151.02000427246094,151.14500427246094,151.25999450683594,151.00999450683594,15738,151.02000427246094,2026-04-15 16:43:00+00:00,-0.2588172925110257,-0.1853016634103769,-0.0735156291006487,33.19778353379017,152.7749687053379,good
hold,150.8800048828125,150.8699951171875,150.94000244140625,150.63450622558594,17026,150.8800048828125,2026-04-15 16:44:00+00:00,-0.285494872867531,-0.2053403053018077,-0.0801545675657232,31.1255391193706,152.76310310244253,good
hold,150.9499969482422,150.8249969482422,151.0,150.67999267578125,17531,150.9499969482422,2026-04-15 16:45:00+00:00,-0.2975591955870129,-0.2237840833588488,-0.0737751122281641,33.36499082569806,152.75148821226432,good
hold,150.7949981689453,151.00999450683594,151.02999877929688,150.67999267578125,9288,150.7949981689453,2026-04-15 16:46:00+00:00,-0.3159848872844861,-0.2422242441439763,-0.0737606431405098,30.96392714965883,152.7448704136029,good
hold,150.6649932861328,150.84500122070312,150.8800048828125,150.6300048828125,6217,150.6649932861328,2026-04-15 16:47:00+00:00,-0.3371907630292696,-0.261217547921035,-0.0759732151082346,29.0740471541466,152.7401720126565,good
hold,150.86000061035156,150.5800018310547,150.86000061035156,150.5800018310547,7173,150.86000061035156,2026-04-15 16:48:00+00:00,-0.3344062835408579,-0.2758552950449996,-0.0585509884958582,35.4393894436631,152.73528437105583,good
hold,151.0,150.8699951171875,151.0,150.8000030517578,8490,151.0,2026-04-15 16:49:00+00:00,-0.3172457709949299,-0.2841333902349857,-0.0331123807599442,39.62837940763929,152.7299615090214,good
hold,151.11000061035156,151.05499267578125,151.11500549316406,151.05499267578125,4485,151.11000061035156,2026-04-15 16:50:00+00:00,-0.291410611097632,-0.285588834407515,-0.005821776690117,42.77044807929219,152.72734072838796,good
hold,150.75999450683594,151.02499389648438,151.0399932861328,150.75999450683594,9799,150.75999450683594,2026-04-15 16:51:00+00:00,-0.2957691851212303,-0.287624904550258,-0.0081442805709722,36.29721368570266,152.72041135640686,good
hold,150.75999450683594,150.74000549316406,150.8000030517578,150.60499572753906,7771,150.75999450683594,2026-04-15 16:52:00+00:00,-0.2958134333149758,-0.2892626103032016,-0.0065508230117741,36.29721368570266,152.7149506948511,good
hold,150.9499969482422,150.65499877929688,150.9499969482422,150.5200958251953,32244,150.9499969482422,2026-04-15 16:53:00+00:00,-0.2773201175333497,-0.2868741117492312,0.0095539942158814,41.83914624165124,152.6947850768973,good
hold,150.7949981689453,150.91000366210938,151.07000732421875,150.75,9576,150.7949981689453,2026-04-15 16:54:00+00:00,-0.2720352842291618,-0.2839063462452174,0.0118710620160555,38.86847819561567,152.6883604611922,good
hold,150.6999969482422,150.7949981689453,150.89599609375,150.6649932861328,16686,150.6999969482422,2026-04-15 16:55:00+00:00,-0.2723730730727993,-0.2815996916107338,0.0092266185379344,37.12842154235849,152.67671237653653,neutral
hold,150.58639526367188,150.72000122070312,150.72000122070312,150.5399932861328,8699,150.58639526367188,2026-04-15 16:56:00+00:00,-0.2785959984507826,-0.2809989529787435,0.0024029545279609,35.104609099483355,152.67034788569288,good
hold,150.875,150.6750030517578,150.97999572753906,150.64999389648438,8007,150.875,2026-04-15 16:57:00+00:00,-0.2572740265646303,-0.2762539676959209,0.0189799411312906,43.52653771160205,152.6653304111642,good
hold,151.00999450683594,151.0,151.1300048828125,150.90570068359375,6916,151.00999450683594,2026-04-15 16:58:00+00:00,-0.2268680876291569,-0.2663767916825681,0.0395087040534112,46.99181478318226,152.66134419572472,good
hold,151.36500549316406,151.1199951171875,151.42999267578125,151.11000061035156,9894,151.36500549316406,2026-04-15 16:59:00+00:00,-0.1721404147660052,-0.2475295162992555,0.0753891015332502,54.83982479884524,152.6568936172896,good
hold,151.4600067138672,151.38999938964844,151.4600067138672,151.25999450683594,7408,151.4600067138672,2026-04-15 17:00:00+00:00,-0.1197224493069768,-0.2219681029007998,0.1022456535938229,56.68781140025469,152.65382484115003,good
hold,151.30999755859375,151.48500061035156,151.48500061035156,151.30999755859375,4449,151.30999755859375,2026-04-15 17:01:00+00:00,-0.0892564266551119,-0.1954257676516622,0.1061693409965503,52.9998123935751,152.65175875344434,good
hold,151.52999877929688,151.3000030517578,151.52999877929688,151.3000030517578,6675,151.52999877929688,2026-04-15 17:02:00+00:00,-0.0468199135053168,-0.1657045968223932,0.1188846833170763,57.37921212551736,152.64917712663114,good
hold,151.6699981689453,151.5,151.75,151.5,6293,151.6699981689453,2026-04-15 17:03:00+00:00,-0.0018703303703944,-0.1329377435319934,0.131067413161599,59.93744111664319,152.64705720020592,good
hold,151.83999633789062,151.74000549316406,151.88999938964844,151.6800994873047,8071,151.83999633789062,2026-04-15 17:04:00+00:00,0.0469290012935914,-0.0969643945668764,0.1438933958604679,62.85314103185544,152.6448224427935,good
hold,151.93499755859375,151.88999938964844,151.93499755859375,151.79510498046875,4338,151.93499755859375,2026-04-15 17:05:00+00:00,0.0922057374249618,-0.0591303681685088,0.1513361055934706,64.4118986300648,152.6437675905127,good
hold,151.85499572753906,151.92999267578125,151.9678955078125,151.85000610351562,6198,151.85499572753906,2026-04-15 17:06:00+00:00,0.1202462736554537,-0.0232550398037163,0.14350131345917,62.05056343285464,152.64209637399546,good
hold,151.91000366210938,151.84500122070312,151.9250030517578,151.71499633789062,14857,151.91000366210938,2026-04-15 17:07:00+00:00,0.145233124187456,0.0104425929945181,0.1347905311929378,63.05350330908935,152.63839701198185,good
hold,151.83999633789062,151.92999267578125,151.92999267578125,151.79969787597656,5738,151.83999633789062,2026-04-15 17:08:00+00:00,0.1575700082940443,0.0398680760544234,0.1177019322396209,60.84941594787876,152.6368418904914,good
hold,151.9250030517578,151.91000366210938,151.94000244140625,151.82000732421875,2759,151.9250030517578,2026-04-15 17:09:00+00:00,0.1722211509847113,0.0663386910404809,0.1058824599442303,62.56077397975064,152.63617583607402,good
hold,151.91000366210938,152.0,152.0,151.89999389648438,7184,151.91000366210938,2026-04-15 17:10:00+00:00,0.1805407997762813,0.089179112787641,0.0913616869886402,62.04540614864733,152.63441091436223,good
hold,151.86000061035156,151.92999267578125,151.9499969482422,151.80999755859375,5859,151.86000061035156,2026-04-15 17:11:00+00:00,0.1810127506861363,0.1075458403673401,0.0734669103187961,60.26313203235392,152.63287893067073,good
hold,151.77000427246094,151.9499969482422,151.9499969482422,151.77000427246094,6420,151.77000427246094,2026-04-15 17:12:00+00:00,0.1721404943799029,0.1204647711698527,0.0516757232100502,57.08480625801656,152.6310125429333,good
hold,151.94500732421875,151.8000030517578,151.94500732421875,151.77499389648438,14749,151.94500732421875,2026-04-15 17:13:00+00:00,0.1771879387887054,0.1318094046936232,0.0453785340950821,61.35321100587736,152.6276205386117,good
hold,151.9250030517578,151.9499969482422,151.9949951171875,151.8350067138672,9089,151.9250030517578,2026-04-15 17:14:00+00:00,0.1775274710632572,0.14095301796755,0.0365744530957072,60.61110062027292,152.6254861173144,good
hold,152.17999267578125,151.94500732421875,152.18499755859375,151.88999938964844,8375,152.17999267578125,2026-04-15 17:15:00+00:00,0.1961114339233631,0.1519847011587127,0.0441267327646504,66.21997385439664,152.62424258449755,good
hold,151.97999572753906,152.17999267578125,152.22000122070312,151.97999572753906,12582,151.97999572753906,2026-04-15 17:16:00+00:00,0.1924824581400628,0.1600842525549827,0.03239820558508,59.11028820111715,152.62155219173314,good
hold,152.03500366210938,151.96499633789062,152.0399932861328,151.9600067138672,1853,152.03500366210938,2026-04-15 17:17:00+00:00,0.1918338085531843,0.166434163754623,0.0253996447985612,60.37056496289328,152.62119167448355,good
hold,152.01499938964844,152.0399932861328,152.0399932861328,152.01499938964844,4486,152.01499938964844,2026-04-15 17:18:00+00:00,0.1875436846229377,0.1706560679282859,0.0168876166946517,59.65053867153343,152.62029099431803,good
hold,151.9499969482422,151.99000549316406,152.02999877929688,151.9499969482422,3698,151.9499969482422,2026-04-15 17:19:00+00:00,0.1768598465069999,0.1718968236440287,0.0049630228629711,57.26068534757003,152.61947101746682,good
hold,151.99000549316406,152.02999877929688,152.02999877929688,151.99000549316406,1702,151.99000549316406,2026-04-15 17:20:00+00:00,0.1696653860793731,0.1714505361310976,-0.0017851500517245,58.36631456144037,152.61911681108845,good
hold,152.10499572753906,151.99000549316406,152.10499572753906,151.94000244140625,8541,152.10499572753906,2026-04-15 17:21:00+00:00,0.1712682020354634,0.1714140693119708,-0.0001458672765073,61.4528226505295,152.61766912507903,good
hold,152.07000732421875,152.10000610351562,152.10000610351562,152.02999877929688,4381,152.07000732421875,2026-04-15 17:22:00+00:00,0.1677810974395015,0.1706874749374769,-0.0029063774979754,59.99539066399126,152.61687924870753,good
hold,151.99000549316406,152.06500244140625,152.06500244140625,151.85000610351562,5496,151.99000549316406,2026-04-15 17:23:00+00:00,0.1567550876868324,0.167900997487348,-0.0111459098005156,56.68502988795993,152.61574706955133,good
hold,151.9600067138672,151.99000549316406,152.02000427246094,151.92010498046875,9177,151.9600067138672,2026-04-15 17:24:00+00:00,0.1439370282764969,0.1631082036451778,-0.0191711753686809,55.44952738415813,152.61377549477797,good
hold,152.07000732421875,151.97000122070312,152.07000732421875,151.9600067138672,3286,152.07000732421875,2026-04-15 17:25:00+00:00,0.1410290585867244,0.1586923746334871,-0.0176633160467627,58.980106693386446,152.61319071190113,good
hold,152.2899932861328,152.0,152.2899932861328,152.0,7890,152.2899932861328,2026-04-15 17:26:00+00:00,0.1546923036994201,0.1578923604466737,-0.0032000567472536,64.96057488178997,152.6123583001336,good
hold,152.27999877929688,152.33999633789062,152.33999633789062,152.22999572753906,5054,152.27999877929688,2026-04-15 17:27:00+00:00,0.1628369675164549,0.15888128186063,0.0039556856558249,64.50047233410652,152.61181087999222,good
hold,152.3300018310547,152.27999877929688,152.35000610351562,152.22999572753906,12837,152.3300018310547,2026-04-15 17:28:00+00:00,0.1713512698778174,0.1613752794640675,0.0099759904137499,65.80538753237971,152.61063684024512,good
hold,152.22999572753906,152.3249969482422,152.38999938964844,152.16000366210938,4418,152.22999572753906,2026-04-15 17:29:00+00:00,0.168091603699537,0.1627185443111614,0.0053730593883756,60.97763531118463,152.61009185658293,good
hold,152.27000427246094,152.22500610351562,152.27000427246094,152.14999389648438,12770,152.27000427246094,2026-04-15 17:30:00+00:00,0.1668137251924122,0.1635375804874115,0.0032761447050006,62.17325598358026,152.60869023694465,good
hold,152.1999969482422,152.24000549316406,152.25,152.1999969482422,4260,152.1999969482422,2026-04-15 17:31:00+00:00,0.1583268973623433,0.1624954438623979,-0.0041685465000546,58.7794962163079,152.6081291128455,good
hold,152.1300048828125,152.1300048828125,152.1300048828125,152.1300048828125,1395,152.1300048828125,2026-04-15 17:32:00+00:00,0.144289965525445,0.1588543481950073,-0.0145643826695623,55.51669153881328,152.6079142449343,good
hold,152.22999572753906,152.1999969482422,152.27999877929688,152.13999938964844,5627,152.22999572753906,2026-04-15 17:33:00+00:00,0.1396245169074461,0.1550083819374951,-0.0153838650300489,59.0166937539555,152.6072304196702,good
hold,152.2949981689453,152.27000427246094,152.35000610351562,152.27000427246094,3909,152.2949981689453,2026-04-15 17:34:00+00:00,0.1395634682516231,0.1519193992003207,-0.0123559309486975,61.15635644193513,152.60683843605074,good
hold,152.27499389648438,152.29510498046875,152.29510498046875,152.27499389648438,3373,152.27499389648438,2026-04-15 17:35:00+00:00,0.1363293888149712,0.1488013971232508,-0.0124720083082795,60.11617891557954,152.60647934440811,good
hold,152.4499969482422,152.30499267578125,152.4499969482422,152.30499267578125,4355,152.4499969482422,2026-04-15 17:36:00+00:00,0.1462023120311357,0.1482815801048278,-0.002079268073692,65.6245348028636,152.60626102035891,good
hold,152.38250732421875,152.5,152.50999450683594,152.3800048828125,3659,152.38250732421875,2026-04-15 17:37:00+00:00,0.1468875973977219,0.1480027835634066,-0.0011151861656847,62.06457504716807,152.60599903817027,good
hold,152.3618927001953,152.38499450683594,152.38499450683594,152.35499572753906,3336,152.3618927001953,2026-04-15 17:38:00+00:00,0.1441060977212771,0.1472234463949807,-0.0031173486737036,60.97648625139142,152.60573873414927,good
hold,152.34500122070312,152.36000061035156,152.36500549316406,152.34500122070312,2243,152.34500122070312,2026-04-15 17:39:00+00:00,0.1389371569016759,0.1455661884963198,-0.0066290315946438,60.047535490229954,152.60555192536037,good
hold,152.2100067138672,152.3350067138672,152.36819458007812,152.2100067138672,7075,152.2100067138672,2026-04-15 17:40:00+00:00,0.1225352949517741,0.1409600097874107,-0.0184247148356365,53.08687358774596,152.60466004473727,good
buy,152.639892578125,152.17999267578125,152.639892578125,152.17999267578125,6974,152.639892578125,2026-04-15 17:41:00+00:00,0.1425813091488805,0.1412842696597046,0.0012970394891758,66.43155757430443,152.60473817976415,neutral
sell,152.49000549316406,152.5399932861328,152.55999755859375,152.39999389648438,7505,152.49000549316406,2026-04-15 17:42:00+00:00,0.1447052131053112,0.141968458348826,0.0027367547564852,60.02077232502794,152.60446501632015,neutral
hold,152.55999755859375,152.47999572753906,152.55999755859375,152.4499969482422,7225,152.55999755859375,2026-04-15 17:43:00+00:00,0.1503035907908554,0.1436354848372318,0.0066681059536235,61.87114756217277,152.60436332811312,good
hold,152.5800018310547,152.58999633789062,152.62989807128906,152.5800018310547,2967,152.5800018310547,2026-04-15 17:44:00+00:00,0.1545727051192784,0.1458229288936412,0.0087497762256372,62.4066908722491,152.60434047189847,good
hold,152.69000244140625,152.6300048828125,152.72999572753906,152.6300048828125,4533,152.69000244140625,2026-04-15 17:45:00+00:00,0.1649309179673537,0.1496445267083837,0.0152863912589699,65.29344250322309,152.60446308432506,good
hold,152.69000244140625,152.63999938964844,152.69000244140625,152.6199951171875,2307,152.69000244140625,2026-04-15 17:46:00+00:00,0.1711667722732102,0.153948975821349,0.0172177964518611,65.29344250322308,152.6045253513386,good
hold,152.60000610351562,152.6199951171875,152.66990661621094,152.58999633789062,9750,152.60000610351562,2026-04-15 17:47:00+00:00,0.1669225995782426,0.1565437005727277,0.0103788990055148,60.85915458404894,152.60451149076505,good
hold,152.6699981689453,152.65989685058594,152.67999267578125,152.55999755859375,8414,152.6699981689453,2026-04-15 17:48:00+00:00,0.1672785538306698,0.1586906712243161,0.0085878826063536,62.96568297608026,152.60468436009432,good
hold,152.67999267578125,152.6199951171875,152.6999969482422,152.61000061035156,3680,152.67999267578125,2026-04-15 17:49:00+00:00,0.166448409658301,0.1602422189111131,0.0062061907471878,63.26967287610657,152.60477120655187,good
hold,152.8699951171875,152.67999267578125,152.8699951171875,152.67999267578125,6221,152.8699951171875,2026-04-15 17:50:00+00:00,0.1790580537419259,0.1640053858772757,0.0150526678646502,68.55413568924759,152.60528725253434,good
hold,152.91000366210938,152.86500549316406,152.91000366210938,152.86500549316406,3364,152.91000366210938,2026-04-15 17:51:00+00:00,0.1900884217357656,0.1692219930489737,0.0208664286867919,69.54765220231545,152.60560751840407,good
hold,152.89999389648438,152.91000366210938,152.9199981689453,152.8300018310547,5722,152.89999389648438,2026-04-15 17:52:00+00:00,0.1957656982994535,0.1745307340990696,0.0212349642003839,68.96061112601662,152.60613286833154,good
hold,152.92999267578125,152.91000366210938,152.92999267578125,152.875,4616,152.92999267578125,2026-04-15 17:53:00+00:00,0.2003758238896011,0.1796997520571759,0.0206760718324252,69.78378289333563,152.606598434266,good
hold,152.89999389648438,152.92999267578125,153.0449981689453,152.89999389648438,8290,152.89999389648438,2026-04-15 17:54:00+00:00,0.1993111954605808,0.1836220407378569,0.0156891547227238,67.84608190600265,152.60735395515,good
hold,152.89999389648438,152.90499877929688,152.97999572753906,152.89999389648438,6749,152.89999389648438,2026-04-15 17:55:00+00:00,0.1962057322132295,0.1861387790329315,0.010066953180298,67.84608190600265,152.6079661674766,good
hold,153.0,152.9600067138672,153.02999877929688,152.9199981689453,5590,153.0,2026-04-15 17:56:00+00:00,0.1995144090695362,0.1888139050402524,0.0107005040292837,70.96332989196621,152.60864429678614,good
hold,153.0,152.99000549316406,153.0399932861328,152.9774932861328,3307,153.0,2026-04-15 17:57:00+00:00,0.199833008782349,0.1910177257886717,0.0088152829936772,70.96332989196621,152.60904436940268,good
hold,152.9600067138672,152.97000122070312,153.02000427246094,152.91000366210938,7885,152.9600067138672,2026-04-15 17:58:00+00:00,0.1946149770848535,0.1917371760479081,0.0028778010369454,67.90981562246381,152.60989774044978,good
hold,152.9499969482422,152.89999389648438,152.9600067138672,152.86399841308594,4052,152.9499969482422,2026-04-15 17:59:00+00:00,0.1875104412938242,0.1908918290970913,-0.0033813878032671,67.13121990840946,152.6103221727407,good
hold,152.85000610351562,152.9499969482422,152.97999572753906,152.82000732421875,6545,152.85000610351562,2026-04-15 18:00:00+00:00,0.1718308607808865,0.1870796354338504,-0.0152487746529638,59.76042772609767,152.61080435071634,good
hold,152.98500061035156,152.85009765625,153.0800018310547,152.85000610351562,18175,152.98500061035156,2026-04-15 18:01:00+00:00,0.1683568952743712,0.1833350874019545,-0.0149781921275833,65.29981754327729,152.61288315337634,good
hold,153.10000610351562,152.97999572753906,153.32989501953125,152.97000122070312,7314,153.10000610351562,2026-04-15 18:02:00+00:00,0.1728907577051757,0.1812462214625987,-0.008355463757423,69.19093437843627,152.61396973692123,good
hold,153.17999267578125,153.08999633789062,153.3300018310547,153.08999633789062,11564,153.17999267578125,2026-04-15 18:03:00+00:00,0.1808533593036827,0.1811676490308156,-0.0003142897271328,71.578081001028,152.615958956511,good
hold,153.07000732421875,153.22500610351562,153.3000030517578,153.07000732421875,5118,153.07000732421875,2026-04-15 18:04:00+00:00,0.1762570976473796,0.1801855387541284,-0.0039284411067487,64.21074128466148,152.6166640846367,good
hold,153.02000427246094,153.05999755859375,153.1199951171875,152.97999572753906,6310,153.02000427246094,2026-04-15 18:05:00+00:00,0.1666585626180392,0.1774801435269106,-0.0108215809088713,61.13016099985664,152.61743487407554,good
hold,153.22999572753906,153.02000427246094,153.22999572753906,153.02000427246094,4019,153.22999572753906,2026-04-15 18:06:00+00:00,0.1739905550927858,0.1767822258400856,-0.0027916707472998,68.0603462944504,152.61817956121635,good
hold,153.0749969482422,153.16000366210938,153.16000366210938,153.0749969482422,1558,153.0749969482422,2026-04-15 18:07:00+00:00,0.1653876203061486,0.1745033047332982,-0.0091156844271496,59.61190750055947,152.61839474625086,good
hold,153.0800018310547,153.0800018310547,153.10499572753906,153.05499267578125,8342,153.0800018310547,2026-04-15 18:08:00+00:00,0.1571619199391705,0.1710350277744727,-0.0138731078353022,59.78549376882734,152.61955606291187,good
hold,153.0800018310547,153.02999877929688,153.0850067138672,152.97500610351562,9282,153.0800018310547,2026-04-15 18:09:00+00:00,0.1489262638688728,0.1666132749933528,-0.0176870111244799,59.78549376882734,152.6208413911025,good
hold,153.05999755859375,153.0500030517578,153.10000610351562,153.02499389648438,6213,153.05999755859375,2026-04-15 18:10:00+00:00,0.1391808789580011,0.1611267957862824,-0.0219459168282813,58.61763973082138,152.62166042824435,good
hold,153.2100067138672,153.05999755859375,153.2100067138672,152.92840576171875,4859,153.2100067138672,2026-04-15 18:11:00+00:00,0.1419260412980065,0.1572866448886272,-0.0153606035906207,64.25625527060126,152.6225173283181,good
hold,153.22000122070312,153.1199951171875,153.27999877929688,153.1199951171875,2909,153.22000122070312,2026-04-15 18:12:00+00:00,0.1432567013256687,0.1544806561760355,-0.0112239548503668,64.602322346933,152.62303785340802,good
hold,153.23500061035156,153.27999877929688,153.30999755859375,153.23500061035156,3756,153.23500061035156,2026-04-15 18:13:00+00:00,0.1438632187400799,0.1523571686888444,-0.0084939499487645,65.14768916932171,152.62372545057147,good
hold,153.22000122070312,153.2899932861328,153.3000030517578,153.22000122070312,6125,153.22000122070312,2026-04-15 18:14:00+00:00,0.1415024110587524,0.150186217162826,-0.0086838061040736,64.08440106065956,152.62481599091998,good
hold,153.22000122070312,153.27000427246094,153.32000732421875,153.22000122070312,5345,153.22000122070312,2026-04-15 18:15:00+00:00,0.1380402123219823,0.1477570161946573,-0.0097168038726749,64.08440106065956,152.62576440010528,good
hold,153.5,153.2899932861328,153.5,153.2899932861328,7692,153.5,2026-04-15 18:16:00+00:00,0.1560906405795776,0.1494237410716413,0.0066668995079362,73.46168718752895,152.6277645792346,good
hold,153.41000366210938,153.5,153.50999450683594,153.3800048828125,5183,153.41000366210938,2026-04-15 18:17:00+00:00,0.1612747082365331,0.1517939345046197,0.0094807737319133,67.37287577628291,152.6289686522921,good
hold,153.43499755859375,153.4600067138672,153.53500366210938,153.43499755859375,4704,153.43499755859375,2026-04-15 18:18:00+00:00,0.1654922263968501,0.1545335928830658,0.0109586335137842,68.16211674830913,152.63009311163935,good
hold,153.4149932861328,153.43499755859375,153.44000244140625,153.41000366210938,5250,153.4149932861328,2026-04-15 18:19:00+00:00,0.1653148160253295,0.1566898375115185,0.0086249785138109,66.76996853132574,152.63131329161266,good
hold,153.36500549316406,153.38999938964844,153.42999267578125,153.35000610351562,9452,153.36500549316406,2026-04-15 18:20:00+00:00,0.1593042595598035,0.1572127219211755,0.0020915376386279,63.29130562535223,152.6333610276265,good
hold,153.46499633789062,153.3699951171875,153.49000549316406,153.3699951171875,5263,153.46499633789062,2026-04-15 18:21:00+00:00,0.1607561786084943,0.1579214132586393,0.0028347653498549,66.99543499294258,152.6346514391846,good
hold,153.42999267578125,153.50999450683594,153.50999450683594,153.42999267578125,4590,153.42999267578125,2026-04-15 18:22:00+00:00,0.1572694278531798,0.1577910161775474,-0.0005215883243675,64.54024150717287,152.6357262717896,good
hold,153.40310668945312,153.4600067138672,153.4665985107422,153.3800048828125,4855,153.40310668945312,2026-04-15 18:23:00+00:00,0.1506006478352333,0.1563529425090846,-0.0057522946738513,62.64135576139127,152.63682162514144,good
hold,153.40499877929688,153.41000366210938,153.41000366210938,153.35009765625,2078,153.40499877929688,2026-04-15 18:24:00+00:00,0.1438105094288175,0.1538444558930312,-0.0100339464642136,62.72447326707757,152.6372906501255,good
hold,153.36000061035156,153.41000366210938,153.4499969482422,153.33999633789062,5449,153.36000061035156,2026-04-15 18:25:00+00:00,0.1332621366939292,0.1497279920532108,-0.0164658553592815,59.34298007581071,152.638445897852,good
hold,153.42999267578125,153.3800048828125,153.42999267578125,153.36000061035156,5562,153.42999267578125,2026-04-15 18:26:00+00:00,0.1290624978994685,0.1455948932224624,-0.0165323953229938,62.71040421615032,152.63973531608826,good
hold,153.47999572753906,153.44000244140625,153.5,153.44000244140625,3165,153.47999572753906,2026-04-15 18:27:00+00:00,0.1282902323414987,0.1421339610462696,-0.0138437287047709,64.94425356979397,152.64051348068588,good
hold,153.49000549316406,153.49000549316406,153.5,153.33999633789062,3209,153.49000549316406,2026-04-15 18:28:00+00:00,0.127021683850586,0.1391115056071329,-0.0120898217565469,65.39120950566526,152.64131038333207,good
hold,153.3699951171875,153.45970153808594,153.45970153808594,153.33999633789062,6924,153.3699951171875,2026-04-15 18:29:00+00:00,0.1150067889851982,0.134290562282746,-0.0192837732975477,56.14806293999858,152.64278233927945,good
hold,153.52000427246094,153.39999389648438,153.5500030517578,153.3699951171875,10567,153.52000427246094,2026-04-15 18:30:00+00:00,0.1162493334402938,0.1306823165142556,-0.0144329830739617,63.15817902235865,152.6454783553364,good
hold,153.46499633789062,153.46499633789062,153.52999877929688,153.4600067138672,3737,153.46499633789062,2026-04-15 18:31:00+00:00,0.1115099608574894,0.1268478453829023,-0.0153378845254129,59.40782442628101,152.6463681116903,good
hold,153.4600067138672,153.48170471191406,153.48170471191406,153.4600067138672,2437,153.4600067138672,2026-04-15 18:32:00+00:00,0.1061279757396391,0.1227038714542497,-0.0165758957146105,59.0652131326492,152.64694377587008,good
hold,153.5399932861328,153.47000122070312,153.5399932861328,153.41009521484375,7437,153.5399932861328,2026-04-15 18:33:00+00:00,0.1070825803352875,0.1195796132304573,-0.0124970328951697,62.77172105698573,152.64886783653395,good
hold,153.61000061035156,153.60000610351562,153.63870239257812,153.57000732421875,1922,153.61000061035156,2026-04-15 18:34:00+00:00,0.1121948054651511,0.118102651677396,-0.0059078462122449,65.69916239282642,152.6494026969588,good
hold,153.5200958251953,153.6199951171875,153.6300048828125,153.5200958251953,5957,153.5200958251953,2026-04-15 18:35:00+00:00,0.1077496450790533,0.1160320503577275,-0.0082824052786741,59.25502970737266,152.65090185700356,good
hold,153.64500427246094,153.6199951171875,153.6999969482422,153.60000610351562,4745,153.64500427246094,2026-04-15 18:36:00+00:00,0.1130032599990897,0.1154262922859999,-0.0024230322869102,64.4693895233591,152.6522633876051,good
hold,153.57749938964844,153.6999969482422,153.72000122070312,153.5301055908203,9410,153.57749938964844,2026-04-15 18:37:00+00:00,0.1104465487291861,0.1144303435746372,-0.003983794845451,60.00040132860022,152.654769636561,good
hold,153.41920471191406,153.55799865722656,153.57000732421875,153.39999389648438,11477,153.41920471191406,2026-04-15 18:38:00+00:00,0.0945572815761863,0.110455731174947,-0.0158984495987606,51.06183484033432,152.657286841665,good
hold,153.5,153.4600067138672,153.5,153.38499450683594,4127,153.5,2026-04-15 18:39:00+00:00,0.0874760578525979,0.1058597965104772,-0.0183837386578793,54.76594304097328,152.65828350830336,good
hold,153.2899932861328,153.4499969482422,153.4499969482422,153.27000427246094,13204,153.2899932861328,2026-04-15 18:40:00+00:00,0.0641785400643755,0.0975235452212569,-0.0333450051568813,45.19129902040281,152.66066483269574,good
hold,153.21499633789062,153.2899932861328,153.36000061035156,153.21499633789062,17237,153.21499633789062,2026-04-15 18:41:00+00:00,0.0392114571504009,0.0858611276070857,-0.0466496704566847,42.34420908045244,152.66337936334392,good
hold,153.19000244140625,153.14500427246094,153.19000244140625,153.13999938964844,2853,153.19000244140625,2026-04-15 18:42:00+00:00,0.0172096829865608,0.0721308386829807,-0.0549211556964198,41.40793079965855,152.66380585771267,good
hold,153.19000244140625,153.1999969482422,153.21499633789062,153.1699981689453,7844,153.19000244140625,2026-04-15 18:43:00+00:00,-0.0002242960077296,0.0576598117448386,-0.0578841077525683,41.407930799658544,152.6649749029337,good
hold,153.27000427246094,153.13499450683594,153.27000427246094,153.13499450683594,6013,153.27000427246094,2026-04-15 18:44:00+00:00,-0.0074989278307384,0.0446280638297232,-0.0521269916604617,45.852452600495,152.66600356884985,good
hold,153.27999877929688,153.25,153.2989959716797,153.1553955078125,2551,153.27999877929688,2026-04-15 18:45:00+00:00,-0.0123156852341423,0.0332393140169501,-0.0455549992510925,46.39947034204473,152.66644612561797,good
hold,153.3300018310547,153.22509765625,153.33999633789062,153.22500610351562,5451,153.3300018310547,2026-04-15 18:46:00+00:00,-0.0119603008916442,0.0241993910352312,-0.0361596919268754,49.16637097043995,152.6674665450967,good
hold,153.38999938964844,153.30999755859375,153.38999938964844,153.2899932861328,7190,153.38999938964844,2026-04-15 18:47:00+00:00,-0.0067594361099452,0.0180076256061959,-0.0247670617161411,52.34510196488106,152.66892916548525,good
hold,153.39999389648438,153.39999389648438,153.4199981689453,153.36000061035156,3864,153.39999389648438,2026-04-15 18:48:00+00:00,-0.0018103712928052,0.0140440262263957,-0.0158543975192009,52.87376371812013,152.66972361423217,good
hold,153.3300018310547,153.41000366210938,153.4499969482422,153.3300018310547,3508,153.3300018310547,2026-04-15 18:49:00+00:00,-0.0034956804726959,0.0105360848865773,-0.0140317653592733,48.79162504722004,152.67037438979014,good
hold,153.5050048828125,153.41000366210938,153.52000427246094,153.41000366210938,10144,153.5050048828125,2026-04-15 18:50:00+00:00,0.0091841148168612,0.0102656908726341,-0.0010815760557729,57.60502379612511,152.6727463760133,good
buy,153.47000122070312,153.5050048828125,153.50999450683594,153.4600067138672,5835,153.47000122070312,2026-04-15 18:51:00+00:00,0.0162214501624475,0.0114568427305968,0.0047646074318507,55.545787895651465,152.67404755583962,neutral
sell,153.50999450683594,153.4600067138672,153.5399932861328,153.42750549316406,8129,153.50999450683594,2026-04-15 18:52:00+00:00,0.0247405197667092,0.0141135781378193,0.0106269416288899,57.41872293152398,152.67594395080516,neutral
hold,153.44000244140625,153.5050048828125,153.5399932861328,153.44000244140625,15554,153.44000244140625,2026-04-15 18:53:00+00:00,0.0255496486273614,0.0164007922357277,0.0091488563916336,53.19471535626244,152.67924612980244,good
hold,153.50999450683594,153.47999572753906,153.57000732421875,153.47999572753906,4444,153.50999450683594,2026-04-15 18:54:00+00:00,0.0314758300353048,0.0194157997956431,0.0120600302396616,56.63060500124303,152.6802706947986,good
hold,153.5399932861328,153.49249267578125,153.5399932861328,153.49249267578125,2832,153.5399932861328,2026-04-15 18:55:00+00:00,0.0381532157542778,0.0231632829873701,0.0149899327669077,58.05193747688258,152.68094585425584,good
hold,153.6199951171875,153.5500030517578,153.6199951171875,153.5,8058,153.6199951171875,2026-04-15 18:56:00+00:00,0.0493319037292963,0.0283970071357553,0.0209348965935409,61.66054217385336,152.68303948966283,good
hold,153.57000732421875,153.6300048828125,153.66920471191406,153.5500030517578,5094,153.57000732421875,2026-04-15 18:57:00+00:00,0.0535403179033266,0.0334256692892696,0.020114648614057,58.28654705272051,152.6842878516865,good
hold,153.6199951171875,153.56500244140625,153.66000366210938,153.56500244140625,5044,153.6199951171875,2026-04-15 18:58:00+00:00,0.0602149926308754,0.0387835339575907,0.0214314586732847,60.6078482671603,152.68559007057522,good
hold,153.63999938964844,153.67999267578125,153.67999267578125,153.63999938964844,3141,153.63999938964844,2026-04-15 18:59:00+00:00,0.066354010318804,0.0442976292298334,0.0220563810889706,61.53045348431304,152.68641648008526,good
hold,153.66000366210938,153.67999267578125,153.8000030517578,153.63499450683594,17027,153.66000366210938,2026-04-15 19:00:00+00:00,0.0720033933723982,0.0498387820583464,0.0221646113140518,62.47688622465324,152.69096501916778,good
hold,153.6300048828125,153.63999938964844,153.6649932861328,153.5449981689453,7496,153.6300048828125,2026-04-15 19:01:00+00:00,0.073215931679897,0.0545142119826565,0.0187017196972405,60.0894254474005,152.69289245630205,good
hold,153.63999938964844,153.59500122070312,153.63999938964844,153.5800018310547,9438,153.63999938964844,2026-04-15 19:02:00+00:00,0.074128839085148,0.0584371374031548,0.0156917016819931,60.62922595904886,152.69533377622275,good
hold,153.625,153.6699981689453,153.6999969482422,153.59500122070312,5959,153.625,2026-04-15 19:03:00+00:00,0.072802774327215,0.0613102647879668,0.0114925095392481,59.33224677026786,152.6968443429258,good
hold,153.72250366210938,153.625,153.75,153.625,6464,153.72250366210938,2026-04-15 19:04:00+00:00,0.0787122433679883,0.0647906605039711,0.0139215828640171,64.62921858297592,152.6986489354616,good
hold,153.8000030517578,153.75999450683594,153.8000030517578,153.72000122070312,4055,153.8000030517578,2026-04-15 19:05:00+00:00,0.0886274511255464,0.0695580186282862,0.0190694324972602,68.17717481276476,152.69986320034087,good
hold,154.07000732421875,153.7899932861328,154.07000732421875,153.7899932861328,31972,154.07000732421875,2026-04-15 19:06:00+00:00,0.1169245792102628,0.0790313307446815,0.0378932484655813,76.87880923377614,152.71167110078284,good
hold,154.0500030517578,154.0500030517578,154.11000061035156,154.02000427246094,6393,154.0500030517578,2026-04-15 19:07:00+00:00,0.1361664375508269,0.0904583521059106,0.0457080854449162,75.23734150138827,152.71397337704033,good
hold,154.22000122070312,154.05499267578125,154.22000122070312,154.0399932861328,8383,154.22000122070312,2026-04-15 19:08:00+00:00,0.1632513208098487,0.1050169458466982,0.0582343749631504,79.28510090151794,152.71736293294208,good
hold,154.0850067138672,154.19000244140625,154.22000122070312,154.0749969482422,9298,154.0850067138672,2026-04-15 19:09:00+00:00,0.1718424644610934,0.1183820495695772,0.0534604148915161,69.56119019183014,152.72076850508031,good
hold,154.15499877929688,154.1060028076172,154.2100067138672,154.1060028076172,5448,154.15499877929688,2026-04-15 19:10:00+00:00,0.182198511407762,0.1311453419372142,0.0510531694705477,71.51205803934025,152.72285804342036,good
hold,154.13999938964844,154.1999969482422,154.20889282226562,154.0,19124,154.13999938964844,2026-04-15 19:11:00+00:00,0.1870393545831348,0.1423241444663983,0.0447152101167364,70.46971147673007,152.7300686346967,good
hold,154.27000427246094,154.13999938964844,154.2899932861328,154.1199951171875,14021,154.27000427246094,2026-04-15 19:12:00+00:00,0.199071295248757,0.15367357462287,0.0453977206258869,74.0062081868977,152.73579189430865,good
hold,154.20750427246094,154.25999450683594,154.27000427246094,154.13999938964844,11669,154.20750427246094,2026-04-15 19:13:00+00:00,0.2012436556534567,0.1631875908289874,0.0380560648244693,69.68551789794584,152.74033002733188,good
hold,154.14999389648438,154.22000122070312,154.22000122070312,154.07000732421875,19047,154.14999389648438,2026-04-15 19:14:00+00:00,0.1960645501302167,0.1697629826892333,0.0263015674409834,65.87439879589711,152.7473896642612,good
hold,154.1999969482422,154.14999389648438,154.24000549316406,154.14500427246094,6085,154.1999969482422,2026-04-15 19:15:00+00:00,0.1937613399587405,0.1745626541431347,0.0191986858156058,67.5368016716499,152.74971002084513,good
hold,154.16000366210938,154.22999572753906,154.22999572753906,154.1199951171875,7258,154.16000366210938,2026-04-15 19:16:00+00:00,0.1865583765151086,0.1769617986175295,0.0095965778975791,64.81710263719467,152.75239194053785,good
hold,154.22000122070312,154.16000366210938,154.22999572753906,154.12249755859375,5904,154.22000122070312,2026-04-15 19:17:00+00:00,0.1835751377332144,0.1782844664406665,0.0052906712925479,66.96626492014785,152.75465869646197,good
hold,154.22000122070312,154.1649932861328,154.27000427246094,154.1649932861328,5600,154.22000122070312,2026-04-15 19:18:00+00:00,0.1791458180296672,0.1784567367584666,0.0006890812712005,66.96626492014785,152.75680227484094,good
hold,154.25999450683594,154.23500061035156,154.3000030517578,154.21499633789062,5891,154.25999450683594,2026-04-15 19:19:00+00:00,0.1768243531325879,0.1781302600332909,-0.0013059069007029,68.45589586380031,152.75911193416258,good
hold,154.1699981689453,154.25999450683594,154.25999450683594,154.14999389648438,6228,154.1699981689453,2026-04-15 19:20:00+00:00,0.1658112542147307,0.1756664588695789,-0.0098552046548481,61.71196919857762,152.76140006094525,good
hold,154.1699981689453,154.2100067138672,154.24000549316406,154.15499877929688,7563,154.1699981689453,2026-04-15 19:21:00+00:00,0.1552931709689744,0.171591801289458,-0.0162986303204835,61.71196919857762,152.76416869927905,good
hold,154.0,154.17999267578125,154.19000244140625,153.9600067138672,30783,154.0,2026-04-15 19:22:00+00:00,0.1317216772170297,0.1636177764749724,-0.0318960992579426,50.75750750595335,152.77397701823136,good
hold,154.13999938964844,154.0,154.19000244140625,154.0,16464,154.13999938964844,2026-04-15 19:23:00+00:00,0.1229209234264487,0.1554784058652676,-0.0325574824388189,57.45532658895687,152.7797510346411,good
hold,154.0050048828125,154.05999755859375,154.11000061035156,154.0050048828125,24292,154.0050048828125,2026-04-15 19:24:00+00:00,0.1038561451429131,0.1451539537207967,-0.0412978085778835,50.34450047140192,152.7873450956321,good
hold,154.07000732421875,154.00181579589844,154.07000732421875,153.92999267578125,11917,154.07000732421875,2026-04-15 19:25:00+00:00,0.0929211871680877,0.1347074004102549,-0.0417862132421672,53.33911539420257,152.79123326781885,good
hold,154.0850067138672,154.0800018310547,154.13999938964844,154.02999877929688,6437,154.0850067138672,2026-04-15 19:26:00+00:00,0.0844915140011437,0.1246642231284327,-0.0401727091272889,54.028076814906775,152.79334820495174,good
hold,154.11500549316406,154.1699981689453,154.1699981689453,154.05999755859375,7149,154.11500549316406,2026-04-15 19:27:00+00:00,0.0793172679709641,0.115594832096939,-0.0362775641259748,55.44502136300848,152.79574335164207,good
hold,154.10000610351562,154.11000061035156,154.16000366210938,154.0850067138672,6703,154.10000610351562,2026-04-15 19:28:00+00:00,0.0731629385112739,0.107108453379806,-0.033945514868532,54.539854093502015,152.7979557583217,good
hold,154.17999267578125,154.11500549316406,154.1999969482422,154.0500946044922,11913,154.17999267578125,2026-04-15 19:29:00+00:00,0.0738880999585376,0.1004643826955523,-0.0265762827370147,58.43662828253362,152.80210973558354,good
hold,154.00999450683594,154.1199951171875,154.13999938964844,153.94500732421875,12113,154.00999450683594,2026-04-15 19:30:00+00:00,0.0600531092681535,0.0923821280100726,-0.032329018741919,48.85212306511016,152.8057899685033,good
hold,153.99000549316406,153.97500610351562,154.06399536132812,153.8699951171875,10921,153.99000549316406,2026-04-15 19:31:00+00:00,0.0469347979868643,0.0832926620054309,-0.0363578640185665,47.858155282973925,152.80903411056445,good
hold,154.10499572753906,153.99000549316406,154.13999938964844,153.99000549316406,10785,154.10499572753906,2026-04-15 19:32:00+00:00,0.045295059434693,0.0756931414912834,-0.0303980820565903,53.69491516053657,152.81253070815177,good
hold,153.8699951171875,154.0800018310547,154.11000061035156,153.8699951171875,9454,153.8699951171875,2026-04-15 19:33:00+00:00,0.0247476935388988,0.0655040519008064,-0.0407563583619076,43.08122915867892,152.81502581292187,good
hold,153.98500061035156,153.92999267578125,154.02999877929688,153.92999267578125,8514,153.98500061035156,2026-04-15 19:34:00+00:00,0.0175415323226388,0.0559115479851729,-0.038370015662534,48.45135660739008,152.81750663559825,good
hold,154.0,154.02999877929688,154.0699005126953,153.99000549316406,7919,154.0,2026-04-15 19:35:00+00:00,0.0128923085232202,0.0473077000927824,-0.0344153915695622,49.12552548875117,152.8198341851952,good
hold,154.0,154.0,154.0500030517578,153.9499969482422,12334,154.0,2026-04-15 19:36:00+00:00,0.0091028333695248,0.0396667267481309,-0.030563893378606,49.12552548875117,152.82344119622718,good
hold,153.9199981689453,153.9600067138672,154.02000427246094,153.88999938964844,9654,153.9199981689453,2026-04-15 19:37:00+00:00,-0.0003517770870757,0.0316630259810895,-0.0320148030681653,45.44873433692364,152.82605818155702,good
hold,153.7449951171875,153.9199981689453,153.9199981689453,153.72999572753906,10632,153.7449951171875,2026-04-15 19:38:00+00:00,-0.0217155839715132,0.0209873039905689,-0.0427028879620823,38.63649560021683,152.82846710779748,good
hold,153.64999389648438,153.75999450683594,153.75999450683594,153.61500549316406,13154,153.64999389648438,2026-04-15 19:39:00+00:00,-0.0457845832222858,0.007632926547998,-0.0534175097702838,35.52367427978673,152.83112291256785,good
hold,153.66000366210938,153.67999267578125,153.67999267578125,153.6300048828125,3750,153.66000366210938,2026-04-15 19:40:00+00:00,-0.0633217998136785,-0.0065580187243372,-0.0567637810893412,36.10776985717364,152.8318861151555,good
hold,153.63999938964844,153.66000366210938,153.6999969482422,153.63999938964844,9666,153.63999938964844,2026-04-15 19:41:00+00:00,-0.0779359507888273,-0.0208336051372352,-0.057102345651592,35.41724089516063,152.83379951630013,good
hold,153.72999572753906,153.6649932861328,153.72999572753906,153.6300048828125,12548,153.72999572753906,2026-04-15 19:42:00+00:00,-0.0813184301451883,-0.0329305701388259,-0.0483878600063624,40.893722128134016,152.83654571380188,good
hold,153.69000244140625,153.7050018310547,153.7899932861328,153.69000244140625,20087,153.69000244140625,2026-04-15 19:43:00+00:00,-0.0862321626640891,-0.0435908886438785,-0.0426412740202106,39.29889969522525,152.84071177442416,good
hold,153.63999938964844,153.69000244140625,153.72000122070312,153.63999938964844,6679,153.63999938964844,2026-04-15 19:44:00+00:00,-0.0930880978243635,-0.0534903304799755,-0.0395977673443879,37.33823391050628,152.84200698148294,good
hold,153.44500732421875,153.6199951171875,153.6199951171875,153.4250030517578,10609,153.44500732421875,2026-04-15 19:45:00+00:00,-0.1129536465702756,-0.0653829936980355,-0.04757065287224,30.870256071608537,152.84355508597298,good
hold,153.60000610351562,153.44000244140625,153.6300048828125,153.44000244140625,16589,153.60000610351562,2026-04-15 19:46:00+00:00,-0.1148660269079755,-0.0752796003400235,-0.0395864265679519,39.79764137808744,152.84657969544185,good
hold,153.72999572753906,153.60000610351562,153.74000549316406,153.60000610351562,19896,153.72999572753906,2026-04-15 19:47:00+00:00,-0.1046857733825561,-0.08116083494853,-0.023524938434026,46.08585317930775,152.85079589982533,good
hold,153.55999755859375,153.67250061035156,153.7100067138672,153.5500030517578,13800,153.55999755859375,2026-04-15 19:48:00+00:00,-0.1090778985035001,-0.086744247659524,-0.022333650843976,40.17571649578313,152.85313583678558,good
hold,153.6300048828125,153.58999633789062,153.64999389648438,153.55999755859375,16324,153.6300048828125,2026-04-15 19:49:00+00:00,-0.1056913393471177,-0.0905336659970428,-0.0151576733500748,43.39506580286616,152.85615605306737,good
buy,153.83999633789062,153.64999389648438,153.85000610351562,153.58999633789062,49260,153.83999633789062,2026-04-15 19:50:00+00:00,-0.0850821374452266,-0.0894433602866796,0.0043612228414529,51.77771362762784,152.86756425830558,neutral
sell,153.8699951171875,153.7949981689453,153.88999938964844,153.77000427246094,22782,153.8699951171875,2026-04-15 19:51:00+00:00,-0.0655726648152494,-0.0846692211923935,0.019096556377144,52.85189548224781,152.87291140117242,neutral
hold,153.88999938964844,153.8000030517578,153.94000244140625,153.8000030517578,25351,153.88999938964844,2026-04-15 19:52:00+00:00,-0.0479444162072582,-0.0773242601953665,0.0293798439881083,53.59424043685201,152.87891288886982,good
hold,153.7949981689453,153.86000061035156,153.88999938964844,153.7899932861328,21668,153.7949981689453,2026-04-15 19:53:00+00:00,-0.0411651801606751,-0.0700924441884282,0.028927264027753,49.600169344219175,152.88350989636308,good
hold,154.0,153.77000427246094,154.0,153.7324981689453,27091,154.0,2026-04-15 19:54:00+00:00,-0.0190312716052005,-0.0598802096717827,0.0408489380665821,57.04017713546744,152.89047109676022,good
hold,154.1300048828125,154.0,154.2100067138672,153.92999267578125,57418,154.1300048828125,2026-04-15 19:55:00+00:00,0.0088977502122702,-0.0461246176949721,0.0550223679072423,60.97457735531857,152.90663734470684,neutral
hold,153.9499969482422,154.10000610351562,154.1300048828125,153.9199981689453,57456,153.9499969482422,2026-04-15 19:56:00+00:00,0.016318456283443,-0.033636002899289,0.0499544591827321,53.64822088370284,152.92007863540323,neutral
hold,154.0399932861328,153.91000366210938,154.05999755859375,153.83999633789062,65107,154.0399932861328,2026-04-15 19:57:00+00:00,0.0291256295181483,-0.0210836764158016,0.0502093059339499,56.46465203600624,152.93619214314052,neutral
hold,154.0800018310547,154.0399932861328,154.16000366210938,154.02499389648438,93088,154.0800018310547,2026-04-15 19:58:00+00:00,0.0420193884334878,-0.0084630634459437,0.0504824518794315,57.69530031857861,152.95924800758877,neutral
hold,154.27999877929688,154.07000732421875,154.5500030517578,154.07000732421875,238658,154.27999877929688,2026-04-15 19:59:00+00:00,0.0675966553815214,0.0067488803195493,0.0608477750619721,63.28279183922548,153.02414847319994,neutral
